Date,HomeTeam,AwayTeam,outcome_by_HOME,AVERAGE_ODD_WIN,AVERAGE_ODD_DRAW,AVERAGE_ODD_OPPONENT_WIN,RANKINGHOME,RANKING AWAY,LAST_GAME_RHOMETEAM,LAST_GAME_RAWAYTEAM
8/8/15,Bournemouth,Aston Villa,L,7.024,3.303,3.748,20,17,0,0
8/8/15,Chelsea,Swansea,D,6.697,4.338,8.967,1,8,0,0
8/8/15,Everton,Watford,D,6.842,3.514,4.852,11,20,0,0
8/8/15,Leicester,Sunderland,W,7,3.207,3.742,14,16,0,0
8/8/15,Man United,Tottenham,W,6.477,3.651,5.318,4,5,0,0
8/8/15,Norwich,Crystal Palace,L,7.427,3.16,2.894,20,10,0,0
8/9/15,Arsenal,West Ham,L,6.763,5.04,10.098,3,12,0,0
8/9/15,Newcastle,Southampton,D,7.63,3.198,2.689,15,7,0,0
8/9/15,Stoke,Liverpool,L,8.011,3.356,2.416,9,6,0,0
8/10/15,West Brom,Man City,L,9.263,4.136,2.105,13,2,0,0
8/14/15,Aston Villa,Man United,L,9.343,3.966,2.142,17,4,1,-1
8/15/15,Southampton,Everton,L,7.024,3.278,3.9,7,11,1,0
8/15/15,Sunderland,Norwich,L,7.358,3.148,3.019,16,20,-1,-1
8/15/15,Swansea,Newcastle,W,6.983,3.335,3.912,8,15,0,1
8/15/15,Tottenham,Stoke,D,6.887,3.446,4.498,5,9,-1,0
8/15/15,Watford,West Brom,D,7.246,3.199,3.175,20,13,1,-1
8/15/15,West Ham,Leicester,L,7.202,3.257,3.229,12,14,1,-1
8/16/15,Crystal Palace,Arsenal,L,9.465,3.953,2.11,10,3,0,-1
8/16/15,Man City,Chelsea,W,6.869,3.268,3.537,2,1,1,-1
8/17/15,Liverpool,Bournemouth,W,6.526,4.224,7.071,6,20,1,1
8/22/15,Crystal Palace,Aston Villa,W,6.468,3.337,4.237,10,17,-1,0
8/22/15,Leicester,Tottenham,D,7.084,3.31,2.698,14,5,0,1
8/22/15,Man United,Newcastle,D,6.034,4.607,8.468,4,15,1,0
8/22/15,Norwich,Stoke,D,6.818,3.172,3.135,20,9,0,-1
8/22/15,Sunderland,Swansea,D,7.818,3.4,2.294,16,8,-1,0
8/22/15,West Ham,Bournemouth,L,6.835,3.231,3.086,12,20,1,0
8/23/15,Everton,Man City,L,8.504,3.983,2.075,11,2,1,0
8/23/15,Watford,Southampton,D,7.116,3.206,2.709,20,7,0,0
8/23/15,West Brom,Chelsea,L,9.549,4.079,2.131,13,1,-1,0
8/24/15,Arsenal,Liverpool,D,6.081,3.567,4.6,3,6,1,-1
8/29/15,Aston Villa,Sunderland,D,6.406,3.278,4.167,17,16,0,-1
8/29/15,Bournemouth,Leicester,D,6.602,3.283,3.277,20,14,1,1
8/29/15,Chelsea,Crystal Palace,L,6.144,4.511,8.827,1,10,0,0
8/29/15,Liverpool,West Ham,L,6.181,4.603,8.137,6,12,1,1
8/29/15,Man City,Watford,W,6.333,6.46,12.909,2,20,1,0
8/29/15,Newcastle,Arsenal,L,9.335,4.236,2.087,15,3,1,0
8/29/15,Stoke,West Brom,L,6.413,3.225,3.992,9,13,-1,-1
8/29/15,Tottenham,Everton,D,6.452,3.32,3.787,5,11,-1,-1
8/30/15,Southampton,Norwich,W,6.477,3.282,3.666,7,20,0,1
8/30/15,Swansea,Man United,W,7.557,3.318,2.37,8,4,-1,-1
9/12/15,Arsenal,Stoke,W,5.744,5.093,10.315,3,9,1,0
9/12/15,Crystal Palace,Man City,L,8.754,4.226,2.076,10,2,0,0
9/12/15,Everton,Chelsea,W,7.629,3.516,2.227,11,1,-1,0
9/12/15,Man United,Liverpool,W,6.077,3.248,4.084,4,6,-1,-1
9/12/15,Norwich,Bournemouth,W,6.289,3.248,3.003,20,20,-1,1
9/12/15,Watford,Swansea,W,6.536,3.187,2.757,20,8,0,-1
9/12/15,West Brom,Southampton,D,6.796,3.186,2.56,13,7,1,0
9/13/15,Leicester,Aston Villa,W,6.047,3.383,4.091,14,17,1,1
9/13/15,Sunderland,Tottenham,L,7.741,3.589,2.204,16,5,0,1
9/14/15,West Ham,Newcastle,W,6.067,3.266,3.226,12,15,0,-1
9/19/15,Aston Villa,West Brom,L,6.653,3.105,3.255,17,13,1,-1
9/19/15,Bournemouth,Sunderland,W,6.283,3.551,4.761,20,16,0,-1
9/19/15,Chelsea,Arsenal,W,6.766,3.286,2.99,1,3,1,1
9/19/15,Man City,West Ham,L,6.223,5.524,10.632,2,12,0,0
9/19/15,Newcastle,Watford,L,6.817,3.204,2.934,15,20,-1,-1
9/19/15,Stoke,Leicester,D,6.802,3.199,2.937,9,14,-1,1
9/19/15,Swansea,Everton,D,6.662,3.21,3.172,8,11,1,0
9/20/15,Liverpool,Norwich,D,6.243,3.618,5.224,6,20,0,-1
9/20/15,Southampton,Man United,L,7.29,3.205,2.525,7,4,1,0
9/20/15,Tottenham,Crystal Palace,W,6.445,3.349,3.758,5,10,0,0
9/26/15,Leicester,Arsenal,L,8.337,3.89,2.123,14,3,-1,1
9/26/15,Liverpool,Aston Villa,W,6.292,3.82,6.393,6,17,-1,1
9/26/15,Man United,Sunderland,W,6.398,5.995,13.069,4,16,-1,-1
9/26/15,Newcastle,Chelsea,D,9.637,4.18,2.078,15,1,0,1
9/26/15,Southampton,Swansea,W,6.618,3.19,3.688,7,8,0,1
9/26/15,Stoke,Bournemouth,W,6.955,3.207,2.887,9,20,0,-1
9/26/15,Tottenham,Man City,W,8.031,3.71,2.172,5,2,1,0
9/26/15,West Ham,Norwich,D,6.735,3.264,3.223,12,20,1,0
9/27/15,Watford,Crystal Palace,L,6.954,3.17,2.919,20,10,0,1
9/28/15,West Brom,Everton,L,7.096,3.226,2.544,13,11,-1,-1
10/3/15,Aston Villa,Stoke,L,7.259,3.195,2.948,17,9,-1,1
10/3/15,Bournemouth,Watford,D,6.997,3.223,3.484,20,20,0,1
10/3/15,Chelsea,Southampton,L,6.778,3.425,4.437,1,7,-1,1
10/3/15,Crystal Palace,West Brom,W,6.673,3.287,4.468,10,13,-1,-1
10/3/15,Man City,Newcastle,W,6.617,5.881,11.743,2,15,1,1
10/3/15,Norwich,Leicester,L,7.126,3.298,3.094,20,14,0,0
10/3/15,Sunderland,West Ham,D,7.607,3.355,2.457,16,12,-1,1
10/4/15,Arsenal,Man United,W,6.951,3.407,3.544,3,4,-1,1
10/4/15,Everton,Liverpool,D,7.32,3.193,2.773,11,6,-1,0
10/4/15,Swansea,Tottenham,D,7.407,3.221,2.739,8,5,-1,1
10/17/15,Chelsea,Aston Villa,W,6.862,4.748,8.7,1,17,1,0
10/17/15,Crystal Palace,West Ham,L,7.148,3.354,3.64,10,12,1,1
10/17/15,Everton,Man United,L,7.887,3.283,2.48,11,4,-1,0
10/17/15,Man City,Bournemouth,W,6.741,4.878,8.755,2,20,-1,-1
10/17/15,Southampton,Leicester,D,6.994,3.5,4.502,7,14,0,-1
10/17/15,Tottenham,Liverpool,D,7.385,3.281,2.9,5,6,1,1
10/17/15,Watford,Arsenal,L,10.148,4.323,2.076,20,3,-1,1
10/17/15,West Brom,Sunderland,W,7.138,3.16,3.829,13,16,0,1
10/18/15,Newcastle,Norwich,W,7.576,3.253,2.779,15,20,-1,1
10/19/15,Swansea,Stoke,L,6.93,3.18,3.768,8,9,-1,-1
10/24/15,Arsenal,Everton,W,6.539,4.21,7.108,3,11,1,-1
10/24/15,Aston Villa,Swansea,L,7.472,3.16,2.639,17,8,0,1
10/24/15,Leicester,Crystal Palace,W,6.971,3.25,3.234,14,10,1,1
10/24/15,Norwich,West Brom,L,6.798,3.229,3.777,20,13,0,1
10/24/15,Stoke,Watford,L,6.842,3.143,3.665,9,20,-1,0
10/24/15,West Ham,Chelsea,W,8.251,3.646,2.194,12,1,1,0
10/25/15,Bournemouth,Tottenham,L,7.875,3.337,2.369,20,5,-1,1
10/25/15,Liverpool,Southampton,D,6.831,3.315,3.64,6,7,-1,-1
10/25/15,Man United,Man City,D,7.261,3.273,2.794,4,2,-1,0
10/25/15,Sunderland,Newcastle,W,7.206,3.227,2.858,16,15,0,-1
10/31/15,Chelsea,Liverpool,L,7.2,3.223,3.546,1,6,-1,-1
10/31/15,Crystal Palace,Man United,D,8.606,3.42,2.281,10,4,-1,1
10/31/15,Man City,Norwich,W,6.882,5.307,10.254,2,20,-1,-1
10/31/15,Newcastle,Stoke,D,7.429,3.236,3.018,15,9,-1,1
10/31/15,Swansea,Arsenal,L,9.391,3.952,2.087,8,3,1,-1
10/31/15,Watford,West Ham,W,7.565,3.216,2.817,20,12,0,-1
10/31/15,West Brom,Leicester,L,7.734,3.234,2.642,13,14,1,0
11/1/15,Everton,Sunderland,W,6.858,3.947,6.504,11,16,0,1
11/1/15,Southampton,Bournemouth,W,6.871,3.86,5.794,7,20,1,0
11/2/15,Tottenham,Aston Villa,W,6.486,4.191,7.384,5,17,1,1
11/7/15,Bournemouth,Newcastle,L,6.962,3.292,3.247,20,15,-1,1
11/7/15,Leicester,Watford,W,6.711,3.434,4.056,14,20,1,-1
11/7/15,Man United,West Brom,W,6.474,4.48,9.794,4,13,0,0
11/7/15,Norwich,Swansea,W,7.153,3.235,2.902,20,8,-1,0
11/7/15,Stoke,Chelsea,W,8.132,3.45,2.265,9,1,0,1
11/7/15,Sunderland,Southampton,L,8.928,3.765,2.126,16,7,1,0
11/7/15,West Ham,Everton,D,7.229,3.289,2.771,12,11,1,1
11/8/15,Arsenal,Tottenham,D,6.637,3.672,4.607,3,5,-1,-1
11/8/15,Aston Villa,Man City,D,11.184,4.951,2.112,17,2,-1,-1
11/8/15,Liverpool,Crystal Palace,L,6.581,3.513,5.223,6,10,0,1
11/21/15,Chelsea,Norwich,W,6.384,4.318,7.6,1,20,1,0
11/21/15,Everton,Aston Villa,W,6.421,3.755,5.8,11,17,-1,-1
11/21/15,Man City,Liverpool,L,6.506,3.613,5.041,2,6,1,-1
11/21/15,Newcastle,Leicester,L,7.056,3.392,2.57,15,14,-1,0
11/21/15,Southampton,Stoke,L,6.433,3.596,5.818,7,9,0,1
11/21/15,Swansea,Bournemouth,D,6.628,3.316,4.144,8,20,-1,1
11/21/15,Watford,Man United,L,8.269,3.475,2.254,20,4,-1,-1
11/21/15,West Brom,Arsenal,W,10.233,4.524,2.091,13,3,-1,1
11/22/15,Tottenham,West Ham,W,6.338,3.812,5.688,5,12,0,1
11/23/15,Crystal Palace,Sunderland,L,6.098,3.657,5.957,10,16,1,1
11/28/15,Aston Villa,Watford,L,7.984,3.139,2.78,17,20,0,-1
11/28/15,Bournemouth,Everton,D,8.137,3.392,2.521,20,11,0,0
11/28/15,Crystal Palace,Newcastle,W,7.295,3.566,4.786,10,15,-1,1
11/28/15,Leicester,Man United,D,8.078,3.355,2.462,14,4,1,-1
11/28/15,Man City,Southampton,W,7.224,3.912,5.553,2,7,0,1
11/28/15,Sunderland,Stoke,W,8.275,3.23,2.515,16,9,-1,1
11/29/15,Liverpool,Swansea,W,7.077,4.069,6.776,6,8,1,-1
11/29/15,Norwich,Arsenal,D,10.402,4.382,2.043,20,3,0,1
11/29/15,Tottenham,Chelsea,D,7.79,3.246,2.817,5,1,-1,-1
11/29/15,West Ham,West Brom,D,7.501,3.219,3.646,12,13,0,1
12/5/15,Arsenal,Sunderland,W,6.974,5.24,11.193,3,16,0,-1
12/5/15,Chelsea,Bournemouth,L,6.936,4.562,8.237,1,20,1,-1
12/5/15,Man United,West Ham,D,6.934,4.041,7.827,4,12,1,0
12/5/15,Southampton,Aston Villa,D,6.96,3.845,6.565,7,17,0,1
12/5/15,Stoke,Man City,W,9.723,3.995,2.085,9,2,-1,0
12/5/15,Swansea,Leicester,L,7.763,3.271,2.684,8,14,-1,1
12/5/15,Watford,Norwich,W,7.332,3.216,3.432,20,20,-1,-1
12/5/15,West Brom,Tottenham,D,9.117,3.606,2.172,13,5,1,-1
12/6/15,Newcastle,Liverpool,W,10.125,4.273,2.062,15,6,1,1
12/7/15,Everton,Crystal Palace,D,7.056,3.301,3.52,11,10,-1,1
12/12/15,Bournemouth,Man United,W,8.561,3.329,2.415,20,4,-1,1
12/12/15,Crystal Palace,Southampton,W,7.979,3.165,2.882,10,7,-1,-1
12/12/15,Man City,Swansea,W,7.313,5.032,9.573,2,8,-1,0
12/12/15,Norwich,Everton,D,8.24,3.351,2.564,20,11,0,1
12/12/15,Sunderland,Watford,L,8.178,3.157,2.689,16,20,-1,1
12/12/15,West Ham,Stoke,D,8.016,3.148,2.838,12,9,0,1
12/13/15,Aston Villa,Arsenal,L,11.004,4.377,2.079,17,3,0,1
12/13/15,Liverpool,West Brom,D,7.26,4.15,8.18,6,13,1,0
12/13/15,Tottenham,Newcastle,L,7.407,4.577,7.911,5,15,-1,0
12/14/15,Leicester,Chelsea,W,8.202,3.388,2.438,14,1,-1,1
12/19/15,Chelsea,Sunderland,W,7.178,4.844,10.134,1,16,-1,1
12/19/15,Everton,Leicester,L,7.559,3.393,3.344,11,14,-1,-1
12/19/15,Man United,Norwich,L,7.161,4.037,7.228,4,20,1,0
12/19/15,Newcastle,Aston Villa,D,7.365,3.247,3.71,15,17,-1,1
12/19/15,Southampton,Tottenham,L,7.942,3.235,2.74,7,5,-1,1
12/19/15,Stoke,Crystal Palace,L,7.792,3.127,2.992,9,10,1,1
12/19/15,West Brom,Bournemouth,L,7.856,3.158,2.878,13,20,0,-1
12/20/15,Swansea,West Ham,D,7.315,3.189,3.535,8,12,-1,1
12/20/15,Watford,Liverpool,W,8.915,3.499,2.219,20,6,-1,0
12/21/15,Arsenal,Man City,W,7.572,3.325,2.931,3,2,0,1
12/26/15,Aston Villa,West Ham,D,7.83,3.15,2.767,17,12,0,1
12/26/15,Bournemouth,Crystal Palace,D,7.671,3.242,2.913,20,10,-1,0
12/26/15,Chelsea,Watford,D,7.162,4.082,6.767,1,20,1,1
12/26/15,Liverpool,Leicester,W,7.45,3.507,3.647,6,14,-1,1
12/26/15,Man City,Sunderland,W,7.199,6.082,13.055,2,16,-1,-1
12/26/15,Newcastle,Everton,L,8.384,3.447,2.363,15,11,-1,1
12/26/15,Southampton,Arsenal,W,8.639,3.472,2.279,7,3,0,-1
12/26/15,Stoke,Man United,W,8.335,3.227,2.47,9,4,1,-1
12/26/15,Swansea,West Brom,W,7.419,3.168,4.034,8,13,1,0
12/26/15,Tottenham,Norwich,W,7.055,4.157,7.098,5,20,-1,1
12/28/15,Arsenal,Bournemouth,W,7.277,4.282,7.247,3,20,-1,-1
12/28/15,Crystal Palace,Swansea,D,7.714,3.212,3.716,10,8,1,-1
12/28/15,Everton,Stoke,L,7.648,3.331,3.841,11,9,1,-1
12/28/15,Man United,Chelsea,D,8.013,3.162,2.871,4,1,-1,-1
12/28/15,Norwich,Aston Villa,W,7.715,3.272,3.621,20,17,-1,-1
12/28/15,Watford,Tottenham,L,8.957,3.44,2.283,20,5,1,1
12/28/15,West Brom,Newcastle,W,7.807,3.151,3.416,13,15,1,-1
12/28/15,West Ham,Southampton,W,8.625,3.337,2.372,12,7,1,1
12/29/15,Leicester,Man City,D,9.133,3.943,2.114,14,2,-1,1
12/30/15,Sunderland,Liverpool,L,9.811,3.932,2.117,16,6,1,1
1/2/16,Arsenal,Newcastle,W,7.126,5.26,10.3,3,15,0,0
1/2/16,Leicester,Bournemouth,D,7.31,3.407,3.838,14,20,-1,-1
1/2/16,Man United,Swansea,W,7.073,3.704,6.476,4,8,1,1
1/2/16,Norwich,Southampton,W,8.172,3.326,2.458,20,7,0,0
1/2/16,Sunderland,Aston Villa,W,7.668,3.12,3.004,16,17,1,0
1/2/16,Watford,Man City,L,9.689,4.007,2.079,20,2,0,-1
1/2/16,West Brom,Stoke,W,7.893,3.083,2.774,13,9,0,1
1/2/16,West Ham,Liverpool,W,8.771,3.506,2.252,12,6,1,0
1/3/16,Crystal Palace,Chelsea,L,8.675,3.426,2.299,10,1,0,0
1/3/16,Everton,Tottenham,D,7.904,3.334,2.641,11,5,-1,-1
1/12/16,Aston Villa,Crystal Palace,W,8.136,3.171,2.57,17,10,0,0
1/12/16,Bournemouth,West Ham,L,7.374,3.345,3.671,20,12,-1,0
1/12/16,Newcastle,Man United,D,9.622,3.778,2.139,15,4,0,1
1/13/16,Chelsea,West Brom,D,7.048,4.064,7.638,1,13,-1,1
1/13/16,Liverpool,Arsenal,D,8.007,3.317,2.573,6,3,0,0
1/13/16,Man City,Everton,D,7.122,4.17,5.825,2,11,-1,0
1/13/16,Southampton,Watford,W,7.334,3.237,3.866,7,20,0,0
1/13/16,Stoke,Norwich,W,7.35,3.177,3.829,9,20,0,1
1/13/16,Swansea,Sunderland,L,7.195,3.387,4.649,8,16,-1,0
1/13/16,Tottenham,Leicester,L,7.1,3.51,4.518,5,14,0,1
1/16/16,Aston Villa,Leicester,D,8.039,3.351,2.357,17,14,-1,1
1/16/16,Bournemouth,Norwich,W,6.834,3.317,4.123,20,20,1,1
1/16/16,Chelsea,Everton,D,6.784,3.512,4.325,1,11,1,-1
1/16/16,Man City,Crystal Palace,W,6.641,4.509,7.922,2,10,-1,1
1/16/16,Newcastle,West Ham,W,7.319,3.228,2.838,15,12,-1,-1
1/16/16,Southampton,West Brom,W,6.719,3.357,5.091,7,13,0,1
1/16/16,Tottenham,Sunderland,W,6.626,4.54,8.513,5,16,-1,-1
1/17/16,Liverpool,Man United,L,7.149,3.144,3.166,6,4,0,1
1/17/16,Stoke,Arsenal,D,8.574,3.586,2.19,9,3,0,-1
1/18/16,Swansea,Watford,W,7.06,3.135,3.107,8,20,0,1
1/23/16,Crystal Palace,Tottenham,L,8.251,3.35,2.336,10,5,1,-1
1/23/16,Leicester,Stoke,W,7.161,3.215,3.613,14,9,1,0
1/23/16,Man United,Southampton,L,7.033,3.229,4.299,4,7,-1,-1
1/23/16,Norwich,Liverpool,L,8.751,3.526,2.211,20,6,1,1
1/23/16,Sunderland,Bournemouth,D,7.817,3.22,2.555,16,20,1,-1
1/23/16,Watford,Newcastle,W,7.171,3.257,3.558,20,15,1,-1
1/23/16,West Brom,Aston Villa,D,7.21,3.066,3.62,13,17,-1,-1
1/23/16,West Ham,Man City,D,9.361,4.021,2.084,12,2,0,1
1/24/16,Arsenal,Chelsea,L,7.195,3.265,3.607,3,1,1,-1
1/24/16,Everton,Swansea,L,6.941,3.501,4.932,11,8,1,-1
2/2/16,Arsenal,Southampton,D,7.301,3.368,4.715,3,7,-1,0
2/2/16,Crystal Palace,Bournemouth,L,7.766,3.121,3.047,10,20,1,1
2/2/16,Leicester,Liverpool,W,7.811,3.207,2.783,14,6,-1,-1
2/2/16,Man United,Stoke,W,7.253,3.43,5.311,4,9,0,-1
2/2/16,Norwich,Tottenham,L,9.223,3.733,2.138,20,5,-1,-1
2/2/16,Sunderland,Man City,L,11.467,4.862,2.104,16,2,1,1
2/2/16,West Brom,Swansea,D,7.88,2.99,2.983,13,8,1,1
2/2/16,West Ham,Aston Villa,W,7.377,3.28,4.165,12,17,-1,-1
2/3/16,Everton,Newcastle,W,7.177,3.71,4.81,11,15,1,1
2/3/16,Watford,Chelsea,D,8.979,3.485,2.223,20,1,-1,1
2/6/16,Aston Villa,Norwich,W,7.302,3.116,3.062,17,20,-1,-1
2/6/16,Liverpool,Sunderland,D,6.706,4.14,7.406,6,16,0,-1
2/6/16,Man City,Leicester,L,6.793,3.769,5.359,2,14,0,1
2/6/16,Newcastle,West Brom,W,7.119,3.163,3.448,15,13,0,-1
2/6/16,Southampton,West Ham,W,6.379,3.429,4.829,7,12,1,0
2/6/16,Stoke,Everton,L,7.473,3.233,2.783,9,11,1,0
2/6/16,Swansea,Crystal Palace,D,7.151,3.115,3.367,8,10,0,0
2/6/16,Tottenham,Watford,W,6.607,3.866,6.642,5,20,1,0
2/7/16,Bournemouth,Arsenal,L,8.415,3.478,2.245,20,3,0,0
2/7/16,Chelsea,Man United,D,7.09,3.13,3.646,1,4,0,0
2/13/16,Bournemouth,Stoke,L,7.05,3.187,3.689,20,9,-1,-1
2/13/16,Chelsea,Newcastle,W,6.729,4.173,6.841,1,15,1,-1
2/13/16,Crystal Palace,Watford,L,7.175,3.109,3.349,10,20,0,1
2/13/16,Everton,West Brom,L,6.741,3.754,6.335,11,13,1,1
2/13/16,Norwich,West Ham,D,7.36,3.233,2.956,20,12,1,0
2/13/16,Sunderland,Man United,W,9.349,3.791,2.14,16,4,-1,1
2/13/16,Swansea,Southampton,L,7.794,3.195,2.551,8,7,-1,1
2/14/16,Arsenal,Leicester,W,6.887,3.677,4.353,3,14,-1,-1
2/14/16,Aston Villa,Liverpool,L,8.984,3.661,2.186,17,6,0,1
2/14/16,Man City,Tottenham,L,7.079,3.365,3.532,2,5,-1,0
2/27/16,Leicester,Norwich,W,7.082,3.95,5.714,14,20,0,1
2/27/16,Southampton,Chelsea,L,7.983,3.201,2.605,7,1,-1,0
2/27/16,Stoke,Aston Villa,W,7.117,3.418,5.285,9,17,-1,-1
2/27/16,Watford,Bournemouth,D,7.614,3.142,3.038,20,20,1,1
2/27/16,West Brom,Crystal Palace,W,7.828,3.062,2.829,13,10,0,-1
2/27/16,West Ham,Sunderland,W,7.238,3.383,4.153,12,16,0,-1
2/28/16,Tottenham,Swansea,W,6.587,3.895,7.35,5,8,1,0
2/28/16,Man United,Arsenal,W,7.714,3.227,2.52,4,3,1,1
3/1/16,Aston Villa,Everton,L,9.098,3.677,2.176,17,11,-1,1
3/1/16,Bournemouth,Southampton,W,7.871,3.188,2.667,20,7,-1,-1
3/1/16,Leicester,West Brom,D,7.042,3.489,5.117,14,13,-1,1
3/1/16,Norwich,Chelsea,L,9.763,4.075,2.086,20,1,1,-1
3/1/16,Sunderland,Crystal Palace,D,7.595,3.172,2.983,16,10,-1,0
3/2/16,Arsenal,Swansea,L,6.932,4.568,8.455,3,8,1,1
3/2/16,Liverpool,Man City,W,7.603,3.257,2.765,6,2,-1,1
3/2/16,Man United,Watford,W,7.026,3.471,5.433,4,20,1,-1
3/2/16,Stoke,Newcastle,W,7.202,3.29,3.913,9,15,0,1
3/2/16,West Ham,Tottenham,W,8.702,3.512,2.231,12,5,-1,0
3/5/16,Chelsea,Stoke,D,6.963,3.868,6.396,1,9,-1,1
3/5/16,Everton,West Ham,L,7.096,3.589,4.609,11,12,1,-1
3/5/16,Man City,Aston Villa,W,6.957,5.914,13.592,2,17,-1,1
3/5/16,Newcastle,Bournemouth,L,7.707,3.232,2.757,15,20,-1,-1
3/5/16,Southampton,Sunderland,D,6.98,3.628,5.75,7,16,-1,0
3/5/16,Swansea,Norwich,W,7.108,3.227,3.803,8,20,0,1
3/5/16,Tottenham,Arsenal,D,7.545,3.269,2.976,5,3,-1,1
3/5/16,Watford,Leicester,L,7.817,3.244,2.559,20,14,1,1
3/6/16,Crystal Palace,Liverpool,L,8.26,3.389,2.294,10,6,-1,-1
3/6/16,West Brom,Man United,W,8.658,3.438,2.226,13,4,1,1
3/12/16,Bournemouth,Swansea,W,6.971,3.202,3.958,20,8,-1,1
3/12/16,Norwich,Man City,D,10.023,4.27,2.084,20,2,1,-1
3/12/16,Stoke,Southampton,L,7.521,3.112,2.778,9,7,-1,1
3/13/16,Aston Villa,Tottenham,L,10.979,4.641,2.113,17,5,-1,1
3/14/16,Leicester,Newcastle,W,6.561,3.749,5.478,14,15,0,1
3/19/16,Chelsea,West Ham,D,7.07,3.554,4.62,1,12,-1,1
3/19/16,Crystal Palace,Leicester,L,7.986,3.24,2.533,10,14,-1,0
3/19/16,Everton,Arsenal,L,7.74,3.409,2.636,11,3,-1,-1
3/19/16,Swansea,Aston Villa,W,7.016,3.512,5.324,8,17,0,0
3/19/16,Watford,Stoke,L,7.522,3.087,3.094,20,9,1,1
3/19/16,West Brom,Norwich,L,7.269,3.108,3.358,13,20,-1,1
3/20/16,Man City,Man United,L,7.022,3.425,4.19,2,4,1,-1
3/20/16,Newcastle,Sunderland,D,7.322,3.207,3.477,15,16,1,-1
3/20/16,Southampton,Liverpool,W,7.471,3.168,2.797,7,6,1,1
3/20/16,Tottenham,Bournemouth,W,6.868,3.891,5.938,5,20,-1,1
4/2/16,Arsenal,Watford,W,6.717,4.641,8.434,3,20,1,-1
4/2/16,Aston Villa,Chelsea,L,10.431,4.302,2.098,17,1,1,-1
4/2/16,Bournemouth,Man City,L,8.341,3.511,2.241,20,2,-1,-1
4/2/16,Liverpool,Tottenham,D,7.285,3.237,2.873,6,5,-1,1
4/2/16,Norwich,Newcastle,W,7.159,3.171,3.35,20,15,-1,-1
4/2/16,Stoke,Swansea,D,7.254,3.168,3.418,9,8,1,1
4/2/16,Sunderland,West Brom,D,7.174,3.136,3.674,16,13,-1,1
4/2/16,West Ham,Crystal Palace,D,6.88,3.294,3.859,12,10,0,1
4/3/16,Leicester,Southampton,W,7.41,3.187,3.272,14,7,-1,-1
4/3/16,Man United,Everton,W,7.165,3.246,3.62,4,11,1,1
4/9/16,Aston Villa,Bournemouth,L,8.362,3.369,2.305,17,20,1,1
4/9/16,Crystal Palace,Norwich,W,7.145,3.21,3.6,10,20,0,0
4/9/16,Man City,West Brom,W,6.935,4.603,8.796,2,13,-1,1
4/9/16,Southampton,Newcastle,W,6.974,3.717,5.782,7,15,-1,-1
4/9/16,Swansea,Chelsea,W,8.489,3.442,2.236,8,1,1,-1
4/9/16,Watford,Everton,D,8.276,3.315,2.367,20,11,0,1
4/9/16,West Ham,Arsenal,D,8.582,3.629,2.184,12,3,-1,-1
4/10/16,Liverpool,Stoke,W,6.781,3.656,5.418,6,9,1,1
4/10/16,Sunderland,Leicester,L,8.227,3.392,2.301,16,14,1,-1
4/10/16,Tottenham,Man United,W,7.095,3.316,3.796,5,4,0,-1
4/13/16,Crystal Palace,Everton,D,7.927,3.247,2.565,10,11,1,0
4/16/16,Chelsea,Man City,L,7.972,3.283,2.702,1,2,0,1
4/16/16,Everton,Southampton,D,7.935,3.23,2.773,11,7,-1,0
4/16/16,Man United,Aston Villa,W,7.249,5.601,13.862,4,17,-1,-1
4/16/16,Newcastle,Swansea,W,7.681,3.219,3.153,15,8,-1,1
4/16/16,Norwich,Sunderland,L,7.605,3.163,3.115,20,16,-1,-1
4/16/16,West Brom,Watford,L,7.71,3.055,3.213,13,20,1,1
4/17/16,Arsenal,Crystal Palace,D,7.195,4.816,8.454,3,10,-1,-1
4/17/16,Bournemouth,Liverpool,L,8.622,3.445,2.296,20,6,-1,-1
4/17/16,Leicester,West Ham,D,7.445,3.345,3.858,14,12,-1,1
4/18/16,Stoke,Tottenham,L,9.192,3.753,2.139,9,5,1,-1
4/19/16,Newcastle,Man City,D,10.128,4.44,2.063,15,2,1,1
4/20/16,Liverpool,Everton,W,6.757,3.623,4.599,6,11,1,1
4/20/16,Man United,Crystal Palace,W,6.629,3.802,6.155,4,10,1,-1
4/20/16,West Ham,Watford,W,6.65,3.841,5.742,12,20,1,0
4/21/16,Arsenal,West Brom,W,6.65,5.312,11.965,3,13,1,0
4/23/16,Aston Villa,Southampton,L,10.997,4.404,2.127,17,7,-1,1
4/23/16,Bournemouth,Chelsea,L,8.012,3.38,2.48,20,1,-1,-1
4/23/16,Liverpool,Newcastle,D,7.013,4.007,5.488,6,15,-1,0
4/23/16,Man City,Stoke,W,6.868,5.01,9.228,2,9,-1,0
4/24/16,Leicester,Swansea,W,6.946,3.419,4.906,14,8,0,0
4/24/16,Sunderland,Arsenal,D,9.192,3.954,2.096,16,3,1,0
4/25/16,Tottenham,West Brom,D,6.814,5.551,12.629,5,13,0,-1
4/30/16,Arsenal,Norwich,W,6.776,5.419,11.132,3,20,1,-1
4/30/16,Everton,Bournemouth,W,7.143,3.428,3.619,11,20,0,1
4/30/16,Newcastle,Crystal Palace,W,7.118,3.29,3.78,15,10,1,0
4/30/16,Stoke,Sunderland,D,7.627,3.162,2.755,9,16,1,1
4/30/16,Watford,Aston Villa,W,6.927,3.537,4.964,20,17,-1,-1
4/30/16,West Brom,West Ham,L,8.482,3.465,2.279,13,12,-1,1
5/1/16,Man United,Leicester,D,7.162,3.209,3.664,4,14,-1,-1
5/1/16,Southampton,Man City,W,7.668,3.287,2.667,7,2,1,-1
5/1/16,Swansea,Liverpool,W,7.977,3.366,2.435,8,6,-1,1
5/2/16,Chelsea,Tottenham,D,7.554,3.348,2.648,1,5,-1,-1
5/7/16,Aston Villa,Newcastle,D,10.165,4.197,2.075,17,15,1,1
5/7/16,Bournemouth,West Brom,D,7.301,3.266,4.02,20,13,1,-1
5/7/16,Crystal Palace,Stoke,W,7.384,3.261,3.649,10,9,1,1
5/7/16,Leicester,Everton,W,7.315,3.491,3.891,14,11,1,1
5/7/16,Norwich,Man United,L,9.188,3.639,2.177,20,4,0,-1
5/7/16,Sunderland,Chelsea,W,7.969,3.355,2.514,16,1,-1,0
5/7/16,West Ham,Swansea,L,7.077,4.208,6.927,12,8,-1,1
5/8/16,Liverpool,Watford,W,7.075,4.096,6.39,6,20,1,1
5/8/16,Man City,Arsenal,D,7.747,3.311,2.819,2,3,-1,-1
5/8/16,Tottenham,Southampton,L,7.349,3.408,3.681,5,7,-1,-1
5/10/16,West Ham,Man United,W,8.099,3.38,2.497,12,4,1,-1
5/11/16,Liverpool,Chelsea,D,7.36,3.471,3.564,6,1,1,1
5/11/16,Norwich,Watford,W,7.118,3.454,4.286,20,20,0,0
5/11/16,Sunderland,Everton,W,7.174,3.601,4.68,16,11,0,0
5/15/16,Arsenal,Aston Villa,W,7.593,7.376,16.204,3,17,0,1
5/15/16,Chelsea,Leicester,D,7.81,3.456,3.017,1,14,-1,0
5/15/16,Everton,Norwich,W,7.383,3.692,4.117,11,20,-1,0
5/15/16,Newcastle,Tottenham,W,9.534,3.91,2.087,15,5,1,-1
5/15/16,Southampton,Crystal Palace,W,7.312,4.75,8.238,7,10,1,1
5/15/16,Stoke,West Ham,W,8.666,3.537,2.307,9,12,-1,0
5/15/16,Swansea,Man City,D,10.855,4.778,2.028,8,2,0,1
5/15/16,Watford,Sunderland,D,7.645,3.465,3.429,20,16,1,1
5/15/16,West Brom,Liverpool,D,7.907,3.385,2.866,13,6,-1,-1
5/17/16,Man United,Bournemouth,W,7.295,3.742,4.753,4,20,0,-1
8/13/16,Burnley,Swansea,L,8.477,3.158,3.001,20,12,0,0
8/13/16,Crystal Palace,West Brom,L,8.256,3.117,3.913,15,14,0,0
8/13/16,Everton,Tottenham,D,8.956,3.316,2.498,11,3,0,0
8/13/16,Hull,Leicester,W,9.873,3.56,2.245,20,1,0,0
8/13/16,Man City,Sunderland,W,8.033,5.588,11.898,4,17,0,0
8/13/16,Middlesbrough,Stoke,D,8.481,3.099,3.213,20,9,0,0
8/13/16,Southampton,Watford,D,8.138,3.372,4.399,6,13,0,0
8/14/16,Arsenal,Liverpool,L,8.44,3.282,2.972,2,8,0,0
8/14/16,Bournemouth,Man United,L,10.217,3.705,2.138,16,5,0,0
8/15/16,Chelsea,West Ham,W,7.604,3.65,5.209,10,7,0,0
8/19/16,Man United,Southampton,W,7.959,3.962,6.882,5,6,1,1
8/20/16,Burnley,Liverpool,W,11.795,4.371,2.112,20,8,0,0
8/20/16,Leicester,Arsenal,D,8.92,3.44,2.52,1,2,-1,-1
8/20/16,Stoke,Man City,L,10.936,3.975,2.101,9,4,0,0
8/20/16,Swansea,Hull,L,8.107,3.332,4.715,12,20,-1,-1
8/20/16,Tottenham,Crystal Palace,W,7.974,4.092,7.115,3,15,0,-1
8/20/16,Watford,Chelsea,L,10.846,3.885,2.135,13,10,1,1
8/20/16,West Brom,Everton,L,8.967,3.18,2.621,14,11,1,-1
8/21/16,Sunderland,Middlesbrough,L,8.625,3.116,2.997,17,20,1,0
8/21/16,West Ham,Bournemouth,W,8.109,3.42,3.877,7,16,1,-1
8/27/16,Chelsea,Burnley,W,7.768,5.204,12.004,10,20,-1,-1
8/27/16,Crystal Palace,Bournemouth,D,8.286,3.167,3.121,15,16,1,0
8/27/16,Everton,Stoke,W,7.842,3.477,4.819,11,9,1,-1
8/27/16,Hull,Man United,L,12.562,4.779,2.184,20,5,1,0
8/27/16,Leicester,Swansea,W,7.853,3.449,4.837,1,12,-1,1
8/27/16,Southampton,Sunderland,D,7.792,3.559,5.71,6,17,-1,-1
8/27/16,Tottenham,Liverpool,D,8.44,3.341,2.928,3,8,1,1
8/27/16,Watford,Arsenal,L,10.482,3.95,2.119,13,2,0,-1
8/28/16,Man City,West Ham,W,7.553,5.368,9.549,4,7,0,-1
8/28/16,West Brom,Middlesbrough,D,8.433,3.009,3.006,14,20,1,1
9/10/16,Arsenal,Southampton,W,8.015,3.824,5.749,2,6,-1,0
9/10/16,Bournemouth,West Brom,W,8.277,3.099,3.903,16,14,1,0
9/10/16,Burnley,Hull,D,8.531,3.082,3.167,20,20,1,1
9/10/16,Liverpool,Leicester,W,8.189,3.662,5.118,8,1,0,-1
9/10/16,Man United,Man City,L,8.62,3.162,3.224,5,4,1,0
9/10/16,Middlesbrough,Crystal Palace,L,8.436,3.083,3.373,20,15,0,0
9/10/16,Stoke,Tottenham,L,10.332,3.737,2.141,9,3,0,-1
9/10/16,West Ham,Watford,L,8.176,3.318,4.213,7,13,0,-1
9/11/16,Swansea,Chelsea,D,11.274,4.151,2.083,12,10,0,0
9/12/16,Sunderland,Everton,L,9.459,3.462,2.283,17,11,0,0
9/16/16,Chelsea,Liverpool,L,8.587,3.329,3.221,10,8,1,-1
9/17/16,Everton,Middlesbrough,W,8.16,3.532,5.385,11,20,1,1
9/17/16,Hull,Arsenal,L,11.546,4.318,2.089,20,2,0,-1
9/17/16,Leicester,Burnley,W,7.989,3.926,7.033,1,20,-1,-1
9/17/16,Man City,Bournemouth,W,8.01,5.402,10.657,4,16,-1,0
9/17/16,West Brom,West Ham,W,8.691,3.145,2.784,14,7,-1,1
9/18/16,Crystal Palace,Stoke,W,8.39,3.222,3.791,15,9,1,1
9/18/16,Southampton,Swansea,W,8.056,3.479,5.165,6,12,0,0
9/18/16,Tottenham,Sunderland,W,8.092,4.86,9.407,3,17,0,0
9/18/16,Watford,Man United,W,11.4,4.277,2.083,13,5,1,-1
9/24/16,Arsenal,Chelsea,W,8.439,3.312,3.049,2,10,-1,0
9/24/16,Bournemouth,Everton,W,9.39,3.492,2.296,16,11,-1,-1
9/24/16,Liverpool,Hull,W,8.071,5.981,12.736,8,20,-1,1
9/24/16,Man United,Leicester,W,8.191,3.631,4.933,5,1,1,1
9/24/16,Middlesbrough,Tottenham,L,9.558,3.52,2.254,20,3,-1,1
9/24/16,Stoke,West Brom,D,8.385,3.172,3.203,9,14,-1,1
9/24/16,Sunderland,Crystal Palace,L,8.871,3.222,2.685,17,15,-1,1
9/24/16,Swansea,Man City,L,13.501,5.598,2.176,12,4,-1,1
9/25/16,West Ham,Southampton,L,8.849,3.255,2.707,7,6,0,1
9/26/16,Burnley,Watford,W,8.573,3.202,2.685,20,13,1,-1
9/30/16,Everton,Crystal Palace,D,7.875,3.61,4.688,11,15,0,-1
10/1/16,Hull,Chelsea,L,12.392,4.815,2.108,20,10,0,-1
10/1/16,Sunderland,West Brom,D,8.472,3.128,3.093,17,14,1,-1
10/1/16,Swansea,Liverpool,L,12.853,5.102,2.116,12,8,-1,1
10/1/16,Watford,Bournemouth,D,8.398,3.174,3.207,13,16,-1,0
10/1/16,West Ham,Middlesbrough,D,8.284,3.249,3.391,7,20,0,1
10/2/16,Burnley,Arsenal,L,13.944,5.482,2.24,20,2,1,-1
10/2/16,Leicester,Southampton,D,8.29,3.232,3.376,1,6,1,0
10/2/16,Man United,Stoke,D,7.977,4.979,9.229,5,9,1,-1
10/2/16,Tottenham,Man City,W,9.067,3.425,2.478,3,4,1,0
10/15/16,Arsenal,Swansea,W,7.235,5.483,10.547,2,12,-1,1
10/15/16,Bournemouth,Hull,W,7.354,3.334,4.5,16,20,-1,-1
10/15/16,Chelsea,Leicester,W,7.359,3.894,5.672,10,1,0,1
10/15/16,Crystal Palace,West Ham,L,7.569,3.3,3.489,15,7,1,-1
10/15/16,Man City,Everton,D,7.215,4.261,6.305,4,11,-1,0
10/15/16,Stoke,Sunderland,W,7.471,3.326,3.828,9,17,0,-1
10/15/16,West Brom,Tottenham,D,10.082,3.917,2.131,14,3,-1,0
10/16/16,Middlesbrough,Watford,L,7.654,3.116,3.393,20,13,1,1
10/16/16,Southampton,Burnley,W,7.161,4.341,8.64,6,20,1,1
10/17/16,Liverpool,Man United,D,7.491,3.288,3.398,8,5,-1,1
10/22/16,Arsenal,Middlesbrough,D,7.774,5.587,11.741,2,20,-1,-1
10/22/16,Bournemouth,Tottenham,D,9.745,3.633,2.2,16,3,1,0
10/22/16,Burnley,Everton,W,11.073,4.055,2.153,20,11,0,-1
10/22/16,Hull,Stoke,L,8.795,3.253,2.598,20,9,1,0
10/22/16,Leicester,Crystal Palace,W,8.053,3.267,3.735,1,15,1,1
10/22/16,Liverpool,West Brom,W,7.786,5.43,10.65,8,14,0,0
10/22/16,Swansea,Watford,D,8.268,3.216,3.202,12,13,0,1
10/22/16,West Ham,Sunderland,W,7.859,3.627,4.983,7,17,-1,0
10/23/16,Chelsea,Man United,W,8.178,3.174,3.47,10,5,-1,-1
10/23/16,Man City,Southampton,D,7.772,4.143,6.42,4,6,0,1
10/29/16,Crystal Palace,Liverpool,L,10.617,4.07,2.098,15,8,1,-1
10/29/16,Man United,Burnley,D,7.917,6.01,15.533,5,20,-1,-1
10/29/16,Middlesbrough,Bournemouth,W,8.616,3.064,3.085,20,16,0,-1
10/29/16,Sunderland,Arsenal,L,13.4,5.46,2.138,17,2,-1,1
10/29/16,Tottenham,Leicester,D,8.054,3.704,5.302,3,1,1,-1
10/29/16,Watford,Hull,W,8.083,3.45,4.913,13,20,1,1
10/29/16,West Brom,Man City,L,12.751,4.997,2.138,14,4,-1,0
10/30/16,Everton,West Ham,W,8.148,3.571,4.336,11,7,0,0
10/30/16,Southampton,Chelsea,L,9.137,3.338,2.479,6,10,1,1
10/31/16,Stoke,Swansea,W,7.956,3.385,3.647,9,12,-1,1
11/5/16,Bournemouth,Sunderland,L,7.497,3.741,5.23,16,17,-1,0
11/5/16,Burnley,Crystal Palace,W,8.655,3.292,2.473,20,15,-1,0
11/5/16,Chelsea,Everton,W,7.335,3.89,6.048,10,11,0,-1
11/5/16,Man City,Middlesbrough,D,7.507,6.138,13.306,4,20,-1,-1
11/5/16,West Ham,Stoke,D,7.718,3.338,3.736,7,9,1,1
11/6/16,Arsenal,Tottenham,D,7.677,3.326,3.921,2,3,1,1
11/6/16,Hull,Southampton,W,10.498,3.99,2.124,20,6,1,1
11/6/16,Leicester,West Brom,L,7.539,3.367,4.824,1,14,-1,1
11/6/16,Liverpool,Watford,W,7.456,5.349,10.615,8,13,0,-1
11/6/16,Swansea,Man United,L,10.084,4.051,2.082,12,5,1,-1
11/19/16,Crystal Palace,Man City,L,11.27,4.635,2.054,15,4,-1,0
11/19/16,Everton,Swansea,D,7.568,3.874,5.727,11,12,1,1
11/19/16,Man United,Arsenal,D,8.238,3.239,2.872,5,2,0,-1
11/19/16,Southampton,Liverpool,D,8.913,3.514,2.341,6,8,-1,-1
11/19/16,Stoke,Bournemouth,L,8,3.253,3.303,9,16,0,-1
11/19/16,Sunderland,Hull,W,7.786,3.186,3.6,17,20,-1,1
11/19/16,Tottenham,West Ham,W,7.548,4.052,6.322,3,7,-1,1
11/19/16,Watford,Leicester,W,8.408,3.211,2.732,13,1,1,1
11/20/16,Middlesbrough,Chelsea,L,11.325,4.453,2.11,20,10,-1,1
11/21/16,West Brom,Burnley,W,7.634,3.206,4.254,14,20,1,0
11/26/16,Burnley,Man City,L,13.4,6.299,2.247,20,4,-1,1
11/26/16,Chelsea,Tottenham,W,7.104,3.522,4.679,10,3,0,0
11/26/16,Hull,West Brom,D,8.14,3.184,2.62,20,14,0,-1
11/26/16,Leicester,Middlesbrough,D,7.267,3.344,4.269,1,20,1,1
11/26/16,Liverpool,Sunderland,W,7.329,7.015,15.282,8,17,1,1
11/26/16,Swansea,Crystal Palace,W,7.801,3.226,2.864,12,15,-1,-1
11/27/16,Arsenal,Bournemouth,W,7.086,4.571,7.49,2,16,-1,1
11/27/16,Man United,West Ham,D,7.202,4.206,6.734,5,7,-1,0
11/27/16,Southampton,Everton,W,7.358,3.213,3.497,6,11,0,0
11/27/16,Watford,Stoke,L,7.636,3.186,3.118,13,9,1,-1
12/3/16,Crystal Palace,Southampton,W,8.051,3.353,2.421,15,6,-1,-1
12/3/16,Man City,Chelsea,L,7.121,3.34,3.462,4,10,0,1
12/3/16,Stoke,Burnley,W,6.789,3.654,5.651,9,20,-1,-1
12/3/16,Sunderland,Leicester,W,8.018,3.338,2.431,17,1,1,1
12/3/16,Tottenham,Swansea,W,6.726,4.858,8.565,3,12,-1,-1
12/3/16,West Brom,Watford,W,7.124,3.161,3.558,14,13,1,1
12/3/16,West Ham,Arsenal,L,9.293,4.082,2.089,7,2,1,0
12/4/16,Bournemouth,Liverpool,W,9.238,4.011,2.081,16,8,-1,-1
12/4/16,Everton,Man United,D,8.273,3.468,2.309,11,5,1,1
12/5/16,Middlesbrough,Hull,W,6.757,3.319,4.757,20,20,-1,1
12/10/16,Arsenal,Stoke,W,7.305,4.765,8.22,2,9,0,1
12/10/16,Burnley,Bournemouth,W,8.612,3.402,2.404,20,16,0,0
12/10/16,Hull,Crystal Palace,D,8.573,3.324,2.472,20,15,0,0
12/10/16,Leicester,Man City,W,10.015,4.072,2.089,1,4,-1,-1
12/10/16,Swansea,Sunderland,W,7.704,3.295,3.41,12,17,-1,1
12/10/16,Watford,Everton,W,8.254,3.312,2.529,13,11,-1,0
12/11/16,Chelsea,West Brom,W,7.202,5.427,11.604,10,14,1,0
12/11/16,Liverpool,West Ham,D,7.238,5.358,9.652,8,7,0,0
12/11/16,Man United,Tottenham,W,7.481,3.236,3.398,5,3,-1,1
12/11/16,Southampton,Middlesbrough,W,7.138,3.429,5.497,6,20,0,1
12/13/16,Bournemouth,Leicester,W,7.657,3.301,3.02,16,1,1,0
12/13/16,Everton,Arsenal,W,9.097,3.755,2.164,11,2,0,0
12/14/16,Crystal Palace,Man United,L,9.782,4.09,2.093,15,5,-1,-1
12/14/16,Man City,Watford,W,7.127,5.714,10.649,4,13,-1,0
12/14/16,Middlesbrough,Liverpool,L,10.538,4.407,2.086,20,8,-1,1
12/14/16,Stoke,Southampton,D,8.178,3.224,2.556,9,6,0,1
12/14/16,Sunderland,Chelsea,L,13.472,5.945,2.25,17,10,0,1
12/14/16,Tottenham,Hull,W,7.147,5.769,12.39,3,20,-1,0
12/14/16,West Brom,Swansea,W,7.367,3.28,3.735,14,12,0,1
12/14/16,West Ham,Burnley,W,7.036,3.7,5.141,7,20,1,-1
12/17/16,Crystal Palace,Chelsea,L,10.883,4.387,2.078,15,10,-1,-1
12/17/16,Middlesbrough,Swansea,W,7.511,3.246,3.684,20,12,0,1
12/17/16,Stoke,Leicester,D,8.23,3.246,2.871,9,1,-1,0
12/17/16,Sunderland,Watford,W,8.241,3.187,2.889,17,13,1,-1
12/17/16,West Brom,Man United,L,10.515,3.881,2.147,14,5,-1,-1
12/17/16,West Ham,Hull,W,7.369,3.712,5.273,7,20,0,1
12/18/16,Bournemouth,Southampton,L,8.233,3.227,2.67,16,6,0,1
12/18/16,Man City,Arsenal,W,7.715,3.376,3.357,4,2,-1,0
12/18/16,Tottenham,Burnley,W,7.528,6.143,13.036,3,20,1,0
12/19/16,Everton,Liverpool,L,8.907,3.691,2.189,11,8,1,1
12/26/16,Arsenal,West Brom,W,7.302,4.83,8.956,2,14,0,0
12/26/16,Burnley,Middlesbrough,W,8.363,3.11,2.663,20,20,1,1
12/26/16,Chelsea,Bournemouth,W,7.424,4.455,7.944,10,16,1,1
12/26/16,Hull,Man City,L,13.828,6.165,2.235,20,4,-1,1
12/26/16,Leicester,Everton,L,8.145,3.238,2.941,1,11,-1,-1
12/26/16,Man United,Sunderland,W,7.502,5.733,13.112,5,17,0,-1
12/26/16,Swansea,West Ham,L,8.285,3.24,2.746,12,7,-1,1
12/26/16,Watford,Crystal Palace,D,8.007,3.201,2.97,13,15,-1,-1
12/27/16,Liverpool,Stoke,W,7.113,5.103,9.472,8,9,0,-1
12/28/16,Southampton,Tottenham,L,7.782,3.207,2.618,6,3,1,1
12/30/16,Hull,Everton,D,9.419,3.556,2.216,20,11,-1,0
12/31/16,Burnley,Sunderland,W,7.858,3.155,3.154,20,17,0,1
12/31/16,Chelsea,Stoke,W,7.453,5.421,11.535,10,9,1,1
12/31/16,Leicester,West Ham,W,7.539,3.357,3.525,1,7,-1,0
12/31/16,Liverpool,Man City,W,7.86,3.369,2.996,8,4,-1,0
12/31/16,Man United,Middlesbrough,W,7.327,5.341,13.473,5,20,0,1
12/31/16,Southampton,West Brom,L,7.399,3.356,5.012,6,14,-1,-1
12/31/16,Swansea,Bournemouth,L,8.19,3.357,2.62,12,16,0,1
1/1/17,Arsenal,Crystal Palace,W,7.293,5.04,8.829,2,15,-1,1
1/1/17,Watford,Tottenham,L,10.355,4.024,2.112,13,3,-1,1
1/2/17,Everton,Southampton,W,7.836,3.194,3.375,11,6,1,-1
1/2/17,Man City,Burnley,W,7.784,7.142,15.901,4,20,0,-1
1/2/17,Middlesbrough,Leicester,D,8.188,3.095,2.855,20,1,0,0
1/2/17,Sunderland,Liverpool,D,13.731,5.828,2.266,17,8,1,-1
1/2/17,West Brom,Hull,W,7.402,3.386,4.992,14,20,-1,-1
1/2/17,West Ham,Man United,L,10.529,4.169,2.094,7,5,-1,0
1/3/17,Bournemouth,Arsenal,D,9.561,3.805,2.123,16,2,1,1
1/3/17,Crystal Palace,Swansea,L,7.337,3.394,4.501,15,12,1,1
1/3/17,Stoke,Watford,W,7.733,3.309,4.143,9,13,0,0
1/4/17,Tottenham,Chelsea,W,7.861,3.27,2.63,3,10,-1,1
1/14/17,Burnley,Southampton,W,8.603,3.35,2.382,20,6,-1,-1
1/14/17,Hull,Bournemouth,W,8.432,3.436,2.401,20,16,0,1
1/14/17,Leicester,Chelsea,L,10.466,4.152,2.118,1,10,-1,1
1/14/17,Sunderland,Stoke,L,8.101,3.307,2.574,17,9,1,1
1/14/17,Swansea,Arsenal,L,11.14,4.831,2.061,12,2,-1,1
1/14/17,Tottenham,West Brom,W,7.056,4.817,9.89,3,14,1,0
1/14/17,Watford,Middlesbrough,D,7.8,3.092,3.1,13,20,-1,-1
1/14/17,West Ham,Crystal Palace,W,7.617,3.228,3.119,7,15,-1,1
1/15/17,Everton,Man City,W,9.486,3.891,2.123,11,4,-1,1
1/15/17,Man United,Liverpool,D,7.687,3.193,3.476,5,8,0,0
1/21/17,Bournemouth,Watford,D,7.483,3.466,4.244,16,13,1,1
1/21/17,Crystal Palace,Everton,L,8.476,3.361,2.457,15,11,-1,-1
1/21/17,Liverpool,Swansea,L,7.436,6.291,12.94,8,12,0,0
1/21/17,Man City,Tottenham,D,7.682,3.316,3.456,4,3,0,-1
1/21/17,Middlesbrough,West Ham,L,7.904,3.1,3.117,20,7,0,1
1/21/17,Stoke,Man United,D,10.582,4.295,2.09,9,5,1,0
1/21/17,West Brom,Sunderland,W,7.392,3.545,5.164,14,17,-1,1
1/22/17,Arsenal,Burnley,W,7.401,6.414,14.201,2,20,0,0
1/22/17,Chelsea,Hull,W,7.492,7.001,15.838,10,20,1,0
1/22/17,Southampton,Leicester,W,7.363,3.291,4.54,6,1,-1,-1
1/31/17,Arsenal,Watford,L,7.364,6.015,12.535,2,13,-1,1
1/31/17,Bournemouth,Crystal Palace,L,7.646,3.306,3.568,16,15,0,0
1/31/17,Burnley,Leicester,W,7.974,3.203,2.698,20,1,1,1
1/31/17,Liverpool,Chelsea,D,7.915,3.196,2.887,8,10,-1,-1
1/31/17,Middlesbrough,West Brom,D,7.946,3.01,2.971,20,14,-1,1
1/31/17,Sunderland,Tottenham,D,13.138,5.714,2.222,17,3,-1,1
1/31/17,Swansea,Southampton,W,8.454,3.349,2.42,12,6,-1,0
2/1/17,Man United,Hull,D,7.359,6.601,15.784,5,20,-1,1
2/1/17,Stoke,Everton,D,8.072,3.279,2.653,9,11,0,0
2/1/17,West Ham,Man City,L,10.518,4.546,2.042,7,4,0,1
2/4/17,Chelsea,Arsenal,W,7.352,3.354,3.886,10,2,-1,1
2/4/17,Crystal Palace,Sunderland,L,7.17,3.563,5.006,15,17,-1,0
2/4/17,Everton,Bournemouth,W,7.063,3.624,4.857,11,16,1,1
2/4/17,Hull,Liverpool,W,11.763,4.901,2.147,20,8,-1,-1
2/4/17,Southampton,West Ham,L,7.248,3.423,4.294,6,7,-1,1
2/4/17,Tottenham,Middlesbrough,W,7.084,5.27,11.506,3,20,0,0
2/4/17,Watford,Burnley,W,7.429,3.156,3.674,13,20,0,1
2/4/17,West Brom,Stoke,W,7.547,3.146,3.331,14,9,0,0
2/5/17,Leicester,Man United,L,10.096,4.064,2.127,1,5,-1,-1
2/5/17,Man City,Swansea,W,7.197,6.326,11.967,4,12,1,1
2/11/17,Arsenal,Hull,W,6.66,5.32,10.406,2,20,-1,-1
2/11/17,Liverpool,Tottenham,W,6.962,3.233,3.3,8,3,-1,-1
2/11/17,Man United,Watford,W,6.457,5.627,11.791,5,13,1,1
2/11/17,Middlesbrough,Everton,D,7.99,3.355,2.325,20,11,-1,0
2/11/17,Stoke,Crystal Palace,W,6.848,3.202,3.624,9,15,0,1
2/11/17,Sunderland,Southampton,L,8.118,3.475,2.29,17,6,-1,1
2/11/17,West Ham,West Brom,D,6.934,3.172,3.424,7,14,0,-1
2/12/17,Burnley,Chelsea,D,11.695,5.169,2.192,20,10,1,0
2/12/17,Swansea,Leicester,W,7.075,3.171,3.073,12,1,1,0
2/13/17,Bournemouth,Man City,L,10.749,5.05,2.071,16,4,0,1
2/25/17,Chelsea,Swansea,W,7.123,5.744,12.118,10,12,-1,-1
2/25/17,Crystal Palace,Middlesbrough,W,7.525,3.057,3.845,15,20,0,1
2/25/17,Everton,Sunderland,W,6.972,4.514,7.436,11,17,0,-1
2/25/17,Hull,Burnley,D,7.46,3.121,3.58,20,20,1,-1
2/25/17,Watford,West Ham,D,7.785,3.174,2.863,13,7,-1,-1
2/25/17,West Brom,Bournemouth,W,7.384,3.26,3.722,14,16,0,0
2/26/17,Tottenham,Stoke,W,6.963,4.385,7.343,3,9,0,1
2/27/17,Leicester,Liverpool,W,10.062,4.249,2.096,1,8,1,1
3/4/17,Leicester,Hull,W,7.026,3.346,4.424,1,20,1,0
3/4/17,Liverpool,Arsenal,W,7.209,3.336,3.482,8,2,-1,1
3/4/17,Man United,Bournemouth,D,6.99,5.66,12.377,5,16,-1,0
3/4/17,Stoke,Middlesbrough,W,7.186,3.187,4.167,9,20,1,1
3/4/17,Swansea,Burnley,W,7.119,3.247,3.874,12,20,1,-1
3/4/17,Watford,Southampton,L,8.259,3.324,2.386,13,6,1,-1
3/4/17,West Brom,Crystal Palace,L,7.351,3.108,3.572,14,15,1,-1
3/5/17,Sunderland,Man City,L,13.86,6.632,2.339,17,4,0,1
3/5/17,Tottenham,Everton,W,6.927,3.719,5.122,3,11,1,-1
3/6/17,West Ham,Chelsea,L,10.144,4.295,2.086,7,10,-1,1
3/8/17,Man City,Stoke,D,6.961,5.804,11.981,4,9,-1,-1
3/11/17,Bournemouth,West Ham,W,7.458,3.309,2.791,16,7,0,-1
3/11/17,Everton,West Brom,W,6.571,3.548,5.325,11,14,1,1
3/11/17,Hull,Swansea,W,7.29,3.161,2.951,20,12,-1,1
3/12/17,Liverpool,Burnley,W,6.666,5.754,12.296,8,20,-1,-1
3/18/17,Bournemouth,Swansea,W,7.255,3.28,3.377,16,12,-1,-1
3/18/17,Crystal Palace,Watford,W,7.074,3.274,4.151,15,13,1,-1
3/18/17,Everton,Hull,W,6.744,3.931,6.381,11,20,1,0
3/18/17,Stoke,Chelsea,L,10.423,4.275,2.13,9,10,1,-1
3/18/17,Sunderland,Burnley,D,7.516,3.153,2.929,17,20,1,1
3/18/17,West Brom,Arsenal,W,9.55,4.066,2.098,14,2,1,1
3/18/17,West Ham,Leicester,L,7.463,3.29,3.15,7,1,1,1
3/19/17,Man City,Liverpool,D,7.121,3.462,3.701,4,8,-1,-1
3/19/17,Middlesbrough,Man United,L,10.019,3.99,2.143,20,5,-1,1
3/19/17,Tottenham,Southampton,W,6.943,3.558,5.012,3,6,-1,0
4/1/17,Burnley,Tottenham,L,9.946,4.055,2.116,20,3,1,-1
4/1/17,Chelsea,Crystal Palace,L,6.844,5.194,10.948,10,15,-1,-1
4/1/17,Hull,West Ham,W,7.583,3.262,2.945,20,7,-1,0
4/1/17,Leicester,Stoke,W,7.138,3.291,3.737,1,9,0,1
4/1/17,Liverpool,Everton,W,6.958,3.661,4.786,8,11,0,1
4/1/17,Man United,West Brom,D,6.842,4.596,9.04,5,14,1,1
4/1/17,Southampton,Bournemouth,D,6.91,3.734,5.24,6,16,-1,1
4/1/17,Watford,Sunderland,W,7.017,3.392,4.305,13,17,0,0
4/2/17,Arsenal,Man City,D,8.115,3.588,2.377,2,4,-1,0
4/2/17,Swansea,Middlesbrough,D,7.088,3.259,4.017,12,20,1,-1
4/4/17,Burnley,Stoke,W,7.337,3.057,3.165,20,9,0,1
4/4/17,Leicester,Sunderland,W,6.719,4.116,7.33,1,17,-1,1
4/4/17,Man United,Everton,D,6.871,3.814,5.974,5,11,-1,0
4/4/17,Watford,West Brom,W,7.378,3.107,3.042,13,14,-1,-1
4/5/17,Arsenal,West Ham,W,6.739,4.709,7.219,2,7,-1,-1
4/5/17,Chelsea,Man City,W,7.278,3.328,3.044,10,4,1,0
4/5/17,Hull,Middlesbrough,W,7.06,3.15,3.814,20,20,0,-1
4/5/17,Liverpool,Bournemouth,D,6.846,4.785,8.065,8,16,-1,0
4/5/17,Southampton,Crystal Palace,W,6.891,3.395,4.404,6,15,1,1
4/5/17,Swansea,Tottenham,L,9.478,4.035,2.09,12,3,1,1
4/8/17,Bournemouth,Chelsea,L,10.374,4.329,2.104,16,10,1,-1
4/8/17,Man City,Hull,W,7.073,6.516,13.717,4,20,-1,0
4/8/17,Middlesbrough,Burnley,D,7.429,3.045,3.179,20,20,-1,-1
4/8/17,Stoke,Liverpool,L,8.734,3.698,2.172,9,8,-1,1
4/8/17,Tottenham,Watford,W,6.901,5.55,12.465,3,13,1,0
4/8/17,West Brom,Southampton,L,7.829,3.231,2.589,14,6,1,1
4/8/17,West Ham,Swansea,W,7.311,3.326,3.491,7,12,0,-1
4/9/17,Everton,Leicester,W,6.736,3.547,4.706,11,1,0,-1
4/9/17,Sunderland,Man United,L,12.907,5.69,2.322,17,5,1,1
4/10/17,Crystal Palace,Arsenal,W,8.86,3.931,2.089,15,2,1,-1
4/15/17,Crystal Palace,Leicester,D,6.757,3.453,4.46,15,1,-1,-1
4/15/17,Everton,Burnley,W,6.49,4.142,7.16,11,20,0,1
4/15/17,Southampton,Man City,L,8.8,4.015,2.057,6,4,1,0
4/15/17,Stoke,Hull,W,6.742,3.253,3.893,9,20,-1,-1
4/15/17,Sunderland,West Ham,D,7.705,3.406,2.369,17,7,0,1
4/15/17,Tottenham,Bournemouth,W,6.671,5.591,10.118,3,16,-1,-1
4/15/17,Watford,Swansea,W,7.105,3.19,2.939,13,12,0,1
4/16/17,Man United,Chelsea,W,7.21,3.132,2.845,5,10,0,0
4/16/17,West Brom,Liverpool,L,8.566,3.763,2.122,14,8,0,1
4/17/17,Middlesbrough,Arsenal,L,10.238,4.478,2.075,20,2,0,1
4/22/17,Bournemouth,Middlesbrough,W,6.823,3.452,4.062,16,20,1,0
4/22/17,Hull,Watford,W,6.728,3.354,4.06,20,13,-1,1
4/22/17,Swansea,Stoke,W,7.031,3.219,3.415,12,9,0,1
4/22/17,West Ham,Everton,D,7.814,3.476,2.346,7,11,-1,-1
4/23/17,Burnley,Man United,L,9.854,4.049,2.114,20,5,-1,1
4/23/17,Liverpool,Crystal Palace,L,6.649,4.185,6.424,8,15,-1,-1
4/25/17,Chelsea,Southampton,W,6.485,4.169,7.365,10,6,-1,0
4/26/17,Arsenal,Leicester,W,6.466,4.062,5.098,2,1,0,0
4/26/17,Crystal Palace,Tottenham,L,9.318,4.235,2.08,15,3,1,1
4/26/17,Middlesbrough,Sunderland,W,6.833,3.245,3.287,20,17,1,0
4/27/17,Man City,Man United,D,6.614,3.47,3.953,4,5,-1,1
4/29/17,Crystal Palace,Burnley,L,6.762,3.368,4.434,15,20,1,1
4/29/17,Southampton,Hull,D,6.687,3.642,4.971,6,20,1,0
4/29/17,Stoke,West Ham,D,6.974,3.258,3.438,9,7,1,0
4/29/17,Sunderland,Bournemouth,L,7.654,3.436,2.445,17,16,0,1
4/29/17,West Brom,Leicester,L,7.163,3.29,2.797,14,1,0,-1
4/30/17,Everton,Chelsea,L,8.206,3.578,2.214,11,10,-1,0
4/30/17,Man United,Swansea,D,6.608,4.518,8.38,5,12,-1,-1
4/30/17,Middlesbrough,Man City,D,13.938,6.288,2.352,20,4,1,0
4/30/17,Tottenham,Arsenal,W,6.858,3.593,3.725,3,2,0,-1
5/1/17,Watford,Liverpool,L,9.787,4.544,2.051,13,8,0,-1
5/5/17,West Ham,Tottenham,W,12.089,5.589,2.193,7,3,1,1
5/6/17,Bournemouth,Stoke,D,6.958,3.332,3.24,16,9,1,-1
5/6/17,Burnley,West Brom,D,6.943,3.154,3.498,20,14,0,-1
5/6/17,Hull,Sunderland,L,6.492,4.221,6.908,20,17,-1,-1
5/6/17,Leicester,Watford,W,6.536,3.747,5.927,1,13,0,-1
5/6/17,Man City,Crystal Palace,W,6.255,5.679,9.821,4,15,-1,0
5/6/17,Swansea,Everton,W,7.236,3.385,2.628,12,11,-1,-1
5/7/17,Arsenal,Man United,W,6.752,3.457,3.926,2,5,0,1
5/7/17,Liverpool,Southampton,D,6.556,3.854,5.574,8,6,1,1
5/8/17,Chelsea,Middlesbrough,W,6.655,7.322,16.955,10,20,1,1
5/10/17,Southampton,Arsenal,L,7.933,3.679,2.208,6,2,-1,0
5/12/17,Everton,Watford,W,6.619,4.184,6.746,11,13,1,0
5/12/17,West Brom,Chelsea,L,12.842,5.61,2.272,14,10,-1,1
5/13/17,Bournemouth,Burnley,W,6.979,3.42,3.842,16,20,-1,-1
5/13/17,Man City,Leicester,W,6.875,5.816,11.17,4,1,-1,0
5/13/17,Middlesbrough,Southampton,L,8.49,3.57,2.218,20,6,0,1
5/13/17,Stoke,Arsenal,L,9.081,4.098,2.056,9,2,-1,0
5/13/17,Sunderland,Swansea,L,8.662,3.769,2.148,17,12,0,0
5/14/17,Crystal Palace,Hull,W,6.94,3.347,3.565,15,20,1,1
5/14/17,Tottenham,Man United,W,6.849,3.629,4.728,3,5,-1,1
5/14/17,West Ham,Liverpool,L,9.454,4.137,2.089,7,8,-1,1
5/15/17,Chelsea,Watford,W,6.729,5.822,10.777,10,13,0,1
5/16/17,Arsenal,Sunderland,W,7.223,9.904,23.862,2,17,-1,1
5/16/17,Man City,West Brom,W,6.889,7.91,20.176,4,14,1,-1
5/17/17,Southampton,Man United,D,7.278,3.228,2.797,6,5,-1,-1
5/18/17,Leicester,Tottenham,L,8.58,3.785,2.153,1,3,1,-1
5/21/17,Arsenal,Everton,W,6.412,4.53,6.794,2,11,0,0
5/21/17,Burnley,West Ham,L,7.09,3.316,2.96,20,7,0,1
5/21/17,Chelsea,Sunderland,W,6.805,7.346,18.088,10,17,-1,1
5/21/17,Hull,Tottenham,L,10.276,4.705,2.054,20,3,0,-1
5/21/17,Leicester,Bournemouth,D,6.771,3.505,3.764,1,16,1,1
5/21/17,Liverpool,Middlesbrough,W,6.777,7.917,23.078,8,20,-1,1
5/21/17,Man United,Crystal Palace,W,7.155,3.251,2.921,5,15,1,0
5/21/17,Southampton,Stoke,L,6.647,3.564,4.378,6,9,-1,1
5/21/17,Swansea,West Brom,W,6.841,3.344,3.522,12,14,0,0
5/21/17,Watford,Man City,L,13.97,6.581,2.35,13,4,-1,0
8/11/17,Arsenal,Leicester,W,6.297,4.133,5.994,5,12,0,0
8/12/17,Brighton,Man City,L,12.987,5.973,2.317,20,3,0,0
8/12/17,Chelsea,Burnley,L,6.313,5.59,12.861,1,16,0,0
8/12/17,Crystal Palace,Huddersfield,L,6.434,3.315,4.519,14,20,0,0
8/12/17,Everton,Stoke,W,6.248,3.468,5.138,7,13,0,0
8/12/17,Southampton,Swansea,D,6.325,3.615,5.523,8,15,0,0
8/12/17,Watford,Liverpool,D,9.585,4.343,2.077,17,4,0,0
8/12/17,West Brom,Bournemouth,W,6.862,3.138,3.075,10,9,0,0
8/13/17,Man United,West Ham,W,6.162,4.929,9.928,6,11,0,0
8/13/17,Newcastle,Tottenham,L,9.095,4.039,2.095,20,2,0,0
8/19/17,Bournemouth,Watford,L,5.987,3.365,3.798,9,17,-1,0
8/19/17,Burnley,West Brom,L,6.377,3.059,3.005,16,10,1,1
8/19/17,Leicester,Brighton,W,5.717,3.446,4.872,12,20,-1,-1
8/19/17,Liverpool,Crystal Palace,W,5.708,4.666,8.128,4,14,0,-1
8/19/17,Southampton,West Ham,W,5.826,3.519,4.681,8,11,0,-1
8/19/17,Stoke,Arsenal,W,7.861,3.824,2.114,13,5,-1,1
8/19/17,Swansea,Man United,L,12.698,5.682,2.385,15,6,0,1
8/20/17,Huddersfield,Newcastle,W,6.304,3.142,3.066,20,20,1,-1
8/20/17,Tottenham,Chelsea,L,6.064,3.306,3.495,2,1,1,-1
8/21/17,Man City,Everton,D,5.509,4.999,8.93,3,7,1,1
8/26/17,Bournemouth,Man City,L,12.406,6.236,2.271,9,3,-1,0
8/26/17,Crystal Palace,Swansea,L,5.837,3.264,4.02,14,15,-1,-1
8/26/17,Huddersfield,Southampton,D,7.261,3.367,2.329,20,8,1,1
8/26/17,Man United,Leicester,W,5.635,4.913,9.41,6,12,1,1
8/26/17,Newcastle,West Ham,W,6.102,3.228,3.188,20,11,-1,-1
8/26/17,Watford,Brighton,D,5.831,3.228,4.029,17,20,1,-1
8/27/17,Chelsea,Everton,W,5.463,4.107,7.264,1,7,1,0
8/27/17,Liverpool,Arsenal,W,6.033,3.395,3.273,4,5,1,-1
8/27/17,Tottenham,Burnley,D,5.64,5.573,12.271,2,16,-1,-1
8/27/17,West Brom,Stoke,D,6.151,3.028,3.258,10,13,1,1
9/9/17,Arsenal,Bournemouth,W,5.532,4.898,7.679,5,9,-1,-1
9/9/17,Brighton,West Brom,W,6.255,2.998,2.965,20,10,0,0
9/9/17,Everton,Tottenham,L,7.08,3.468,2.283,7,2,-1,0
9/9/17,Leicester,Chelsea,L,7.802,3.849,2.111,12,1,-1,1
9/9/17,Man City,Liverpool,W,5.728,3.61,3.837,3,4,1,1
9/9/17,Southampton,Watford,L,5.56,3.603,5.265,8,17,0,0
9/9/17,Stoke,Man United,D,9.787,4.632,2.135,13,6,0,1
9/10/17,Burnley,Crystal Palace,W,6.026,3.119,3.207,16,14,0,-1
9/10/17,Swansea,Newcastle,L,6.031,3.126,3.162,15,20,1,1
9/11/17,West Ham,Huddersfield,W,5.606,3.301,4.063,11,20,-1,0
9/15/17,Bournemouth,Brighton,W,6.1,3.215,3.51,9,20,-1,1
9/16/17,Crystal Palace,Southampton,L,6.706,3.21,2.61,14,8,-1,-1
9/16/17,Huddersfield,Leicester,D,6.992,3.346,2.429,20,12,-1,-1
9/16/17,Liverpool,Burnley,D,5.757,5.271,11.062,4,16,-1,1
9/16/17,Newcastle,Stoke,W,6.235,3.125,3.217,20,13,1,0
9/16/17,Tottenham,Swansea,D,5.792,5.848,12.326,2,15,1,-1
9/16/17,Watford,Man City,L,11.603,5.962,2.177,17,3,1,1
9/16/17,West Brom,West Ham,D,6.239,3.127,3.218,10,11,-1,1
9/17/17,Chelsea,Arsenal,D,5.893,3.611,4.185,1,5,1,1
9/17/17,Man United,Everton,W,5.709,4.648,9.468,6,7,0,-1
9/23/17,Burnley,Huddersfield,D,6.556,3.076,3.579,16,20,0,0
9/23/17,Everton,Bournemouth,W,6.131,3.595,5.094,7,9,-1,1
9/23/17,Leicester,Liverpool,L,8.103,3.786,2.156,12,4,0,0
9/23/17,Man City,Crystal Palace,W,6.51,7.994,17.81,3,14,1,-1
9/23/17,Southampton,Man United,L,8.934,3.895,2.113,8,6,1,1
9/23/17,Stoke,Chelsea,L,9.453,4.225,2.076,13,1,-1,0
9/23/17,Swansea,Watford,L,6.694,3.172,3.144,15,17,0,-1
9/23/17,West Ham,Tottenham,L,9.349,4.342,2.071,11,2,0,0
9/24/17,Brighton,Newcastle,W,6.979,3.088,2.819,20,20,-1,1
9/25/17,Arsenal,West Brom,W,6.058,4.831,8.858,5,10,0,0
9/30/17,Bournemouth,Leicester,D,6.811,3.32,2.589,9,12,-1,-1
9/30/17,Chelsea,Man City,L,6.825,3.364,2.564,1,3,1,1
9/30/17,Huddersfield,Tottenham,L,11.385,5.246,2.198,20,2,0,1
9/30/17,Man United,Crystal Palace,W,6.086,6.593,16.575,6,14,1,-1
9/30/17,Stoke,Southampton,W,6.893,3.202,2.596,13,8,-1,-1
9/30/17,West Brom,Watford,D,6.382,3.064,3.38,10,17,-1,1
9/30/17,West Ham,Swansea,W,6.117,3.294,4.208,11,15,-1,-1
10/1/17,Arsenal,Brighton,W,5.982,5.708,11.154,5,20,1,1
10/1/17,Everton,Burnley,L,5.889,3.462,5.309,7,16,1,0
10/1/17,Newcastle,Liverpool,D,8.567,4.054,2.059,20,4,-1,1
10/14/17,Burnley,West Ham,D,6.166,3.175,2.781,16,11,1,1
10/14/17,Crystal Palace,Chelsea,W,11.088,5.32,2.199,14,1,-1,-1
10/14/17,Liverpool,Man United,D,6.317,3.244,2.72,4,6,0,1
10/14/17,Man City,Stoke,W,5.782,7.922,16.58,3,13,1,1
10/14/17,Swansea,Huddersfield,W,5.769,3.083,3.635,15,20,-1,-1
10/14/17,Tottenham,Bournemouth,W,5.663,6.559,12.477,2,9,1,0
10/14/17,Watford,Arsenal,W,8.374,4.33,2.052,17,5,0,1
10/15/17,Brighton,Everton,D,6.56,3.194,2.522,20,7,-1,-1
10/15/17,Southampton,Newcastle,D,5.667,3.353,4.314,8,20,-1,0
10/16/17,Leicester,West Brom,D,5.66,3.233,3.876,12,10,0,0
10/20/17,West Ham,Brighton,L,5.862,3.269,4.648,11,20,0,0
10/21/17,Chelsea,Watford,W,5.725,4.676,8.332,1,17,-1,1
10/21/17,Huddersfield,Man United,W,12.535,5.778,2.354,20,6,-1,0
10/21/17,Man City,Burnley,W,6.308,9.521,22.074,3,16,1,0
10/21/17,Newcastle,Crystal Palace,W,5.981,3.261,3.94,20,14,0,1
10/21/17,Southampton,West Brom,W,5.876,3.236,4.736,8,10,0,0
10/21/17,Stoke,Bournemouth,L,6.105,3.261,3.429,13,9,-1,-1
10/21/17,Swansea,Leicester,L,6.564,3.202,2.745,15,12,1,0
10/22/17,Everton,Arsenal,L,7.344,3.582,2.219,7,5,0,-1
10/22/17,Tottenham,Liverpool,W,6.041,3.343,3.253,2,4,1,0
10/28/17,Arsenal,Swansea,W,5.726,6.14,11.337,5,15,1,-1
10/28/17,Bournemouth,Chelsea,L,8.683,4.363,2.049,9,1,1,1
10/28/17,Crystal Palace,West Ham,D,6.159,3.19,3.112,14,11,-1,-1
10/28/17,Liverpool,Huddersfield,W,5.679,5.819,11.408,4,20,-1,1
10/28/17,Man United,Tottenham,W,6.011,3.219,3.463,6,2,-1,1
10/28/17,Watford,Stoke,L,5.94,3.36,3.574,17,13,-1,-1
10/28/17,West Brom,Man City,L,13.871,7.078,2.453,10,3,-1,1
10/29/17,Brighton,Southampton,D,6.67,3.185,2.529,20,8,1,1
10/29/17,Leicester,Everton,W,5.779,3.244,3.416,12,7,1,-1
10/30/17,Burnley,Newcastle,W,6.435,3.146,2.682,16,20,-1,1
11/4/17,Huddersfield,West Brom,W,6.493,2.981,2.953,20,10,-1,-1
11/4/17,Newcastle,Bournemouth,L,5.971,3.304,3.9,20,9,-1,-1
11/4/17,Southampton,Burnley,L,5.762,3.427,5.814,8,16,0,1
11/4/17,Stoke,Leicester,D,6.471,3.214,2.812,13,12,1,1
11/4/17,Swansea,Brighton,L,6.261,3.073,3.233,15,20,-1,0
11/4/17,West Ham,Liverpool,L,8.554,4.281,2.068,11,4,0,1
11/5/17,Chelsea,Man United,W,6.347,3.108,3.03,1,6,1,1
11/5/17,Everton,Watford,W,5.993,3.234,3.448,7,17,-1,-1
11/5/17,Man City,Arsenal,W,5.777,4.65,6.456,3,5,1,1
11/5/17,Tottenham,Crystal Palace,W,5.777,5.364,10.186,2,14,-1,0
11/18/17,Arsenal,Tottenham,W,6.262,3.418,2.805,5,2,-1,1
11/18/17,Bournemouth,Huddersfield,W,5.78,3.277,4.536,9,20,1,1
11/18/17,Burnley,Swansea,W,5.927,3.071,3.906,16,15,1,-1
11/18/17,Crystal Palace,Everton,D,6.175,3.157,3.121,14,7,-1,1
11/18/17,Leicester,Man City,L,11.476,5.968,2.152,12,3,0,1
11/18/17,Liverpool,Southampton,W,5.61,4.444,7.776,4,8,1,-1
11/18/17,Man United,Newcastle,W,5.584,5.074,11.569,6,20,-1,-1
11/18/17,West Brom,Chelsea,L,9.236,4.237,2.109,10,1,-1,1
11/19/17,Watford,West Ham,W,5.971,3.29,3.471,17,11,-1,-1
11/20/17,Brighton,Stoke,D,6.048,3.062,3.212,20,13,1,0
11/24/17,West Ham,Leicester,D,6.406,3.263,2.754,11,12,-1,-1
11/25/17,Crystal Palace,Stoke,W,5.923,3.235,3.694,14,13,0,0
11/25/17,Liverpool,Chelsea,D,6.009,3.362,3.338,4,1,1,1
11/25/17,Man United,Brighton,W,5.705,6.175,17.274,6,20,1,0
11/25/17,Newcastle,Watford,L,6.023,3.249,3.365,20,17,-1,1
11/25/17,Swansea,Bournemouth,D,6.446,3.173,2.758,15,9,-1,1
11/25/17,Tottenham,West Brom,D,5.614,5.368,12.505,2,10,-1,-1
11/26/17,Burnley,Arsenal,L,9.081,4.511,2.056,16,5,1,1
11/26/17,Huddersfield,Man City,L,17.533,8.663,2.825,20,3,-1,1
11/26/17,Southampton,Everton,W,5.679,3.252,4.386,8,7,-1,0
11/28/17,Brighton,Crystal Palace,D,6.337,3.071,2.928,20,14,-1,1
11/28/17,Leicester,Tottenham,W,8.137,3.966,2.097,12,2,0,0
11/28/17,Watford,Man United,L,8.388,4.049,2.094,17,6,1,1
11/28/17,West Brom,Newcastle,D,6.137,3.048,3.286,10,20,0,-1
11/29/17,Arsenal,Huddersfield,W,5.711,6.313,14.733,5,20,1,-1
11/29/17,Bournemouth,Burnley,L,5.769,3.207,3.956,9,16,0,-1
11/29/17,Chelsea,Swansea,W,5.76,6.496,16.053,1,15,0,0
11/29/17,Everton,West Ham,W,6.107,3.204,3.189,7,11,-1,0
11/29/17,Man City,Southampton,W,5.814,6.865,14.549,3,8,1,1
11/29/17,Stoke,Liverpool,L,9.301,4.655,2.04,13,4,-1,0
12/2/17,Arsenal,Man United,L,6.238,3.22,2.971,5,6,1,1
12/2/17,Brighton,Liverpool,L,9.855,4.77,2.114,20,4,0,1
12/2/17,Chelsea,Newcastle,W,5.532,5.586,12.072,1,20,1,0
12/2/17,Everton,Huddersfield,W,5.58,3.471,5.086,7,20,1,-1
12/2/17,Leicester,Burnley,W,5.768,3.364,4.508,12,16,1,1
12/2/17,Stoke,Swansea,W,5.834,3.224,4.115,13,15,-1,-1
12/2/17,Watford,Tottenham,D,8.191,4.081,2.091,17,2,-1,-1
12/2/17,West Brom,Crystal Palace,D,6.227,3.061,3.085,10,14,0,0
12/3/17,Bournemouth,Southampton,D,6.611,3.173,2.603,9,8,-1,-1
12/3/17,Man City,West Ham,W,6.252,9.803,20.968,3,11,1,-1
12/9/17,Burnley,Watford,W,6.603,3.136,2.965,16,17,-1,0
12/9/17,Crystal Palace,Bournemouth,D,6.244,3.259,3.702,14,9,0,0
12/9/17,Huddersfield,Brighton,W,6.674,2.981,3.001,20,20,-1,-1
12/9/17,Newcastle,Leicester,L,6.661,3.205,2.819,20,12,-1,1
12/9/17,Swansea,West Brom,W,6.677,2.988,2.96,15,10,-1,0
12/9/17,Tottenham,Stoke,W,5.998,5.47,9.871,2,13,0,1
12/9/17,West Ham,Chelsea,W,10.214,4.714,2.121,11,1,-1,1
12/10/17,Liverpool,Everton,D,5.885,5.157,9.3,4,7,1,1
12/10/17,Man United,Man City,L,7.237,3.469,2.347,6,3,1,1
12/10/17,Southampton,Arsenal,D,7.716,3.685,2.176,8,5,0,-1
12/12/17,Burnley,Stoke,W,6.423,3.09,3.376,16,13,1,-1
12/12/17,Crystal Palace,Watford,W,6.46,3.316,3.149,14,17,0,-1
12/12/17,Huddersfield,Chelsea,L,11.387,5.046,2.21,20,1,1,-1
12/13/17,Liverpool,West Brom,D,5.922,6.184,12.605,4,10,0,-1
12/13/17,Man United,Bournemouth,W,5.979,5.338,10.81,6,9,-1,0
12/13/17,Newcastle,Everton,L,6.529,3.192,3.083,20,7,-1,0
12/13/17,Southampton,Leicester,L,6.274,3.244,3.653,8,12,0,1
12/13/17,Swansea,Man City,L,15.419,7.303,2.576,15,3,1,1
12/13/17,Tottenham,Brighton,W,6.008,5.671,12.133,2,20,1,-1
12/13/17,West Ham,Arsenal,D,8.869,4.314,2.052,11,5,1,0
12/16/17,Arsenal,Newcastle,W,5.675,5.661,11.763,5,20,0,-1
12/16/17,Brighton,Burnley,D,6.31,2.954,3.106,20,16,-1,1
12/16/17,Chelsea,Southampton,W,5.594,4.53,8.068,1,8,1,-1
12/16/17,Leicester,Crystal Palace,L,5.805,3.398,4.117,12,14,1,1
12/16/17,Man City,Tottenham,W,5.66,4.152,5.614,3,2,1,1
12/16/17,Stoke,West Ham,L,6.07,3.183,3.285,13,11,-1,0
12/16/17,Watford,Huddersfield,L,5.739,3.467,4.642,17,20,-1,-1
12/17/17,Bournemouth,Liverpool,L,9.365,4.728,2.054,9,4,-1,0
12/17/17,West Brom,Man United,L,9.279,4.228,2.107,10,6,0,1
12/18/17,Everton,Swansea,W,5.584,3.42,5.025,7,15,1,-1
12/22/17,Arsenal,Liverpool,D,6.383,3.499,2.795,5,4,1,1
12/23/17,Brighton,Watford,W,6.337,3.088,2.931,20,17,0,-1
12/23/17,Burnley,Tottenham,L,9.666,4.425,2.146,16,2,0,-1
12/23/17,Everton,Chelsea,D,8.845,4.116,2.113,7,1,1,1
12/23/17,Leicester,Man United,D,7.79,3.732,2.151,12,6,-1,1
12/23/17,Man City,Bournemouth,W,6.22,9.792,21.742,3,9,1,-1
12/23/17,Southampton,Huddersfield,D,5.644,3.615,5.954,8,20,-1,1
12/23/17,Stoke,West Brom,W,6.093,3.114,3.326,13,10,-1,-1
12/23/17,Swansea,Crystal Palace,D,6.823,3.179,2.519,15,14,-1,1
12/23/17,West Ham,Newcastle,L,5.945,3.215,3.684,11,20,1,-1
12/26/17,Bournemouth,West Ham,D,6.552,3.204,2.731,9,11,-1,-1
12/26/17,Chelsea,Brighton,W,5.823,6.318,15.498,1,20,0,1
12/26/17,Huddersfield,Stoke,D,6.344,3.11,3.044,20,13,0,1
12/26/17,Liverpool,Swansea,W,5.979,7.377,17.254,4,15,0,0
12/26/17,Man United,Burnley,D,5.774,5.607,12.647,6,16,0,-1
12/26/17,Tottenham,Southampton,W,5.732,4.667,8.587,2,8,1,0
12/26/17,Watford,Leicester,W,6.416,3.345,2.804,17,12,-1,0
12/26/17,West Brom,Everton,D,6.35,3.092,3.049,10,7,-1,0
12/27/17,Newcastle,Man City,L,14.614,7.469,2.571,20,3,1,1
12/28/17,Crystal Palace,Arsenal,L,8.051,3.967,2.088,14,5,0,0
12/30/17,Bournemouth,Everton,W,6.269,3.175,3.121,9,7,0,0
12/30/17,Chelsea,Stoke,W,5.919,6.739,15.957,1,13,1,0
12/30/17,Huddersfield,Burnley,D,6.257,2.991,3.32,20,16,0,0
12/30/17,Liverpool,Leicester,W,5.769,5.3,8.912,4,12,1,-1
12/30/17,Man United,Southampton,D,5.725,4.672,8.321,6,8,0,-1
12/30/17,Newcastle,Brighton,D,5.975,3.101,3.645,20,20,-1,-1
12/30/17,Watford,Swansea,L,5.801,3.485,5.087,17,15,1,-1
12/31/17,Crystal Palace,Man City,D,13.555,6.954,2.381,14,3,-1,1
12/31/17,West Brom,Arsenal,D,8.31,4.037,2.078,10,5,0,1
1/1/18,Brighton,Bournemouth,D,6.145,3.05,3.252,20,9,0,1
1/1/18,Burnley,Liverpool,L,9.916,4.694,2.122,16,4,0,1
1/1/18,Everton,Man United,L,8.413,3.735,2.167,7,6,-1,0
1/1/18,Leicester,Huddersfield,W,5.679,3.618,5.158,12,20,-1,0
1/1/18,Stoke,Newcastle,L,6.1,3.176,3.261,13,20,-1,0
1/2/18,Man City,Watford,W,5.903,7.501,17.572,3,17,0,-1
1/2/18,Southampton,Crystal Palace,L,5.873,3.281,3.833,8,14,0,0
1/2/18,Swansea,Tottenham,L,12.733,6.052,2.337,15,2,1,1
1/2/18,West Ham,West Brom,W,5.848,3.215,4.011,11,10,0,0
1/3/18,Arsenal,Chelsea,D,6.427,3.343,2.658,5,1,0,1
1/4/18,Tottenham,West Ham,D,5.324,5.332,9.817,2,11,1,1
1/13/18,Chelsea,Leicester,D,5.858,5.211,10.116,1,12,0,1
1/13/18,Crystal Palace,Burnley,W,5.985,3.111,4.052,14,16,1,-1
1/13/18,Huddersfield,West Ham,L,6.581,3.044,2.948,20,11,-1,0
1/13/18,Newcastle,Swansea,D,5.948,3.192,4.193,20,15,1,-1
1/13/18,Tottenham,Everton,W,5.767,5.23,11.119,2,7,0,-1
1/13/18,Watford,Southampton,D,6.359,3.25,2.931,17,8,-1,-1
1/13/18,West Brom,Brighton,W,6.049,2.953,3.965,10,20,-1,0
1/14/18,Bournemouth,Arsenal,W,8.118,4.14,2.054,9,5,0,0
1/14/18,Liverpool,Man City,W,6.82,3.566,2.372,4,3,1,1
1/15/18,Man United,Stoke,W,5.591,6.062,12.713,6,13,1,-1
1/20/18,Arsenal,Crystal Palace,W,5.858,4.144,6.235,5,14,-1,1
1/20/18,Brighton,Chelsea,L,9.429,4.149,2.133,20,1,-1,0
1/20/18,Burnley,Man United,L,9.895,4.281,2.152,16,6,-1,1
1/20/18,Everton,West Brom,D,6.201,3.051,3.725,7,10,-1,1
1/20/18,Leicester,Watford,W,6.03,3.552,4.071,12,17,0,0
1/20/18,Man City,Newcastle,W,6.274,8.503,20.678,3,20,-1,0
1/20/18,Stoke,Huddersfield,W,6.132,3.181,3.823,13,20,-1,-1
1/20/18,West Ham,Bournemouth,D,6.017,3.395,3.687,11,9,1,1
1/21/18,Southampton,Tottenham,D,8.886,4.162,2.072,8,2,0,1
1/22/18,Swansea,Liverpool,W,12.998,6.226,2.376,15,4,0,1
1/30/18,Huddersfield,Liverpool,L,13.294,6.221,2.378,20,4,-1,-1
1/30/18,Swansea,Arsenal,W,10.017,4.731,2.123,15,5,1,1
1/30/18,West Ham,Crystal Palace,D,6.84,3.246,2.6,11,14,0,-1
1/31/18,Chelsea,Bournemouth,L,5.999,5.462,10.102,1,9,1,0
1/31/18,Everton,Leicester,W,6.94,3.147,2.65,7,12,0,1
1/31/18,Man City,West Brom,W,6.289,7.797,18.438,3,10,1,0
1/31/18,Newcastle,Burnley,D,6.323,3.041,3.672,20,16,-1,-1
1/31/18,Southampton,Brighton,D,6.044,3.258,5.196,8,20,0,-1
1/31/18,Stoke,Watford,D,6.388,3.319,3.26,13,17,1,-1
1/31/18,Tottenham,Man United,W,6.45,3.209,3.196,2,6,0,1
2/3/18,Arsenal,Everton,W,5.969,4.989,9.736,5,7,-1,1
2/3/18,Bournemouth,Stoke,W,6.3,3.415,3.947,9,13,1,0
2/3/18,Brighton,West Ham,W,6.436,2.967,3.42,20,11,0,0
2/3/18,Burnley,Man City,D,14.154,6.503,2.479,16,3,0,1
2/3/18,Leicester,Swansea,D,6.18,3.375,4.767,12,15,-1,1
2/3/18,Man United,Huddersfield,W,6.247,7.02,18.706,6,20,-1,-1
2/3/18,West Brom,Southampton,L,6.736,3.088,3.007,10,8,-1,0
2/4/18,Crystal Palace,Newcastle,D,6.365,3.188,3.824,14,20,0,0
2/4/18,Liverpool,Tottenham,D,6.452,3.493,3.315,4,2,1,1
2/5/18,Watford,Chelsea,W,9.331,4.234,2.085,17,1,0,-1
2/10/18,Everton,Crystal Palace,W,6.513,3.099,3.339,7,14,-1,0
2/10/18,Man City,Leicester,W,6.284,6.096,12.492,3,12,0,0
2/10/18,Stoke,Brighton,D,6.571,3.072,3.483,13,20,-1,1
2/10/18,Swansea,Burnley,W,6.741,2.935,3.238,15,16,0,0
2/10/18,Tottenham,Arsenal,W,6.512,3.566,3.365,2,5,0,1
2/10/18,West Ham,Watford,W,6.8,3.19,2.917,11,17,-1,1
2/11/18,Huddersfield,Bournemouth,W,7.357,3.199,2.509,20,9,-1,1
2/11/18,Newcastle,Man United,W,9.29,4.069,2.085,20,6,0,1
2/11/18,Southampton,Liverpool,L,8.348,3.911,2.098,8,4,1,0
2/12/18,Chelsea,West Brom,W,5.806,4.504,7.985,1,10,-1,-1
2/24/18,Bournemouth,Newcastle,D,6.526,3.277,3.509,9,20,-1,1
2/24/18,Brighton,Swansea,W,6.511,3.013,3.822,20,15,0,1
2/24/18,Burnley,Southampton,D,7.063,3.063,2.766,16,8,-1,-1
2/24/18,Leicester,Stoke,D,6.273,3.544,4.756,12,13,-1,0
2/24/18,Liverpool,West Ham,W,6.292,6.119,12.026,4,11,1,1
2/24/18,Watford,Everton,W,6.507,3.199,3.302,17,7,-1,1
2/24/18,West Brom,Huddersfield,L,6.393,3.128,4.236,10,20,-1,1
2/25/18,Crystal Palace,Tottenham,L,10.303,4.73,2.101,14,2,-1,1
2/25/18,Man United,Chelsea,W,6.519,3.135,3.32,6,1,-1,1
3/1/18,Arsenal,Man City,L,8.171,4.002,2.068,5,3,-1,1
3/3/18,Burnley,Everton,W,6.473,3.01,3.161,16,7,0,-1
3/3/18,Leicester,Bournemouth,D,6.155,3.486,4.066,12,9,0,0
3/3/18,Liverpool,Newcastle,W,6.092,6.253,12.954,4,20,1,0
3/3/18,Southampton,Stoke,D,6.072,3.452,4.805,8,13,0,0
3/3/18,Swansea,West Ham,W,6.61,3.119,2.987,15,11,-1,-1
3/3/18,Tottenham,Huddersfield,W,6.112,6.463,14.596,2,20,1,1
3/3/18,Watford,West Brom,W,6.292,3.172,3.659,17,10,1,-1
3/4/18,Brighton,Arsenal,W,7.866,3.771,2.15,20,5,1,-1
3/4/18,Man City,Chelsea,W,6.01,3.87,5.302,3,1,1,-1
3/5/18,Crystal Palace,Man United,L,9.777,4.394,2.112,14,6,-1,1
3/10/18,Chelsea,Crystal Palace,W,6.183,5.1,10.229,1,14,-1,-1
3/10/18,Everton,Brighton,W,6.562,3.071,3.6,7,20,-1,1
3/10/18,Huddersfield,Swansea,D,6.676,3.039,3.126,20,15,-1,1
3/10/18,Man United,Liverpool,W,6.972,3.26,2.746,6,4,1,1
3/10/18,Newcastle,Southampton,W,7,3.115,2.791,20,8,-1,0
3/10/18,West Brom,Leicester,L,7.176,3.195,2.62,10,12,-1,0
3/10/18,West Ham,Burnley,L,6.515,3.08,3.44,11,16,-1,1
3/11/18,Arsenal,Watford,W,6.317,4.262,6.345,5,17,-1,1
3/11/18,Bournemouth,Tottenham,L,9.903,4.681,2.042,9,2,0,1
3/12/18,Stoke,Man City,L,15.478,7.384,2.585,13,3,0,1
3/17/18,Bournemouth,West Brom,W,6.577,3.348,4.334,9,10,-1,-1
3/17/18,Huddersfield,Crystal Palace,L,7.307,3.115,2.711,20,14,0,-1
3/17/18,Liverpool,Watford,W,6.56,6.658,14.091,4,17,-1,-1
3/17/18,Stoke,Everton,L,6.872,3.163,3.035,13,7,-1,1
3/31/18,Brighton,Leicester,L,6.883,3.134,2.734,20,12,-1,1
3/31/18,Crystal Palace,Liverpool,L,10.021,4.705,2.042,14,4,1,1
3/31/18,Everton,Man City,L,12.29,5.764,2.218,7,3,1,1
3/31/18,Man United,Swansea,W,5.908,5.688,12.259,6,15,1,0
3/31/18,Newcastle,Huddersfield,W,6.166,3.313,4.812,20,20,1,-1
3/31/18,Watford,Bournemouth,D,6.564,3.273,3.056,17,9,-1,1
3/31/18,West Brom,Burnley,L,6.754,3.002,2.979,10,16,-1,1
3/31/18,West Ham,Southampton,W,6.946,3.182,2.661,11,8,-1,-1
4/1/18,Arsenal,Stoke,W,6.091,5.125,9.047,5,13,1,-1
4/1/18,Chelsea,Tottenham,L,6.589,3.22,3.048,1,2,1,1
4/7/18,Bournemouth,Crystal Palace,D,7.028,3.291,2.918,9,14,0,-1
4/7/18,Brighton,Huddersfield,D,6.563,3.25,4.539,20,20,-1,-1
4/7/18,Everton,Liverpool,D,8.265,3.707,2.159,7,4,-1,1
4/7/18,Leicester,Newcastle,L,6.646,3.302,3.944,12,20,1,1
4/7/18,Man City,Man United,L,6.287,3.464,4.018,3,6,1,1
4/7/18,Stoke,Tottenham,L,13.236,5.97,2.308,13,2,-1,1
4/7/18,Watford,Burnley,L,6.899,3.081,3.267,17,16,0,1
4/7/18,West Brom,Swansea,D,6.946,3.1,3.165,10,15,-1,-1
4/8/18,Arsenal,Southampton,W,6.327,4.017,5.632,5,8,1,-1
4/8/18,Chelsea,West Ham,D,6.45,5.301,10.502,1,11,-1,1
4/14/18,Burnley,Leicester,W,7.15,3.099,2.886,16,12,1,-1
4/14/18,Crystal Palace,Brighton,W,6.487,3.253,4.316,14,20,0,0
4/14/18,Huddersfield,Watford,W,7.135,3.117,2.871,20,17,0,-1
4/14/18,Liverpool,Bournemouth,W,6.158,5.959,11.338,4,9,0,0
4/14/18,Southampton,Chelsea,L,8.49,3.742,2.146,8,1,-1,0
4/14/18,Swansea,Everton,D,6.837,3.099,3.007,15,7,0,0
4/14/18,Tottenham,Man City,L,7.183,3.434,2.664,2,3,1,-1
4/15/18,Man United,West Brom,L,6.434,6.556,16.136,6,10,1,0
4/15/18,Newcastle,Arsenal,W,7.539,3.533,2.349,20,5,1,1
4/16/18,West Ham,Stoke,D,6.681,3.267,3.82,11,13,0,-1
4/17/18,Brighton,Tottenham,D,10.124,4.524,2.085,20,2,-1,-1
4/18/18,Bournemouth,Man United,L,9.123,4.007,2.086,9,6,-1,-1
4/19/18,Burnley,Chelsea,L,8.445,3.585,2.19,16,1,1,1
4/19/18,Leicester,Southampton,D,7.048,3.307,3.024,12,8,-1,-1
4/21/18,Watford,Crystal Palace,D,7.481,3.283,2.585,17,14,-1,1
4/21/18,West Brom,Liverpool,D,10.715,4.669,2.111,10,4,1,1
4/22/18,Arsenal,West Ham,W,6.572,4.138,5.482,5,11,-1,0
4/22/18,Man City,Swansea,W,6.882,7.875,19.389,3,15,1,0
4/22/18,Stoke,Burnley,D,7.002,3.146,3.274,13,16,0,-1
4/23/18,Everton,Newcastle,W,6.666,3.15,3.243,7,20,0,1
4/28/18,Burnley,Brighton,D,6.923,3.053,3.548,16,20,0,0
4/28/18,Crystal Palace,Leicester,W,6.844,3.31,3.576,14,12,0,0
4/28/18,Huddersfield,Everton,L,7.091,3.007,3.005,20,7,1,1
4/28/18,Liverpool,Stoke,D,6.522,5.081,9.046,4,13,0,0
4/28/18,Newcastle,West Brom,L,6.684,3.309,4.354,20,10,-1,0
4/28/18,Southampton,Bournemouth,W,6.629,3.64,4.667,8,9,0,-1
4/28/18,Swansea,Chelsea,L,10.795,4.604,2.135,15,1,-1,1
4/29/18,Man United,Arsenal,W,6.515,4.224,7.115,6,5,1,1
4/29/18,West Ham,Man City,L,13.168,5.981,2.293,11,3,-1,1
4/30/18,Tottenham,Watford,W,6.54,7.203,17.869,2,17,0,0
5/4/18,Brighton,Man United,W,8.724,3.694,2.155,20,6,0,1
5/5/18,Bournemouth,Swansea,W,6.885,3.369,3.398,9,15,-1,-1
5/5/18,Everton,Southampton,D,7.337,3.227,2.641,7,8,1,1
5/5/18,Leicester,West Ham,L,6.979,3.274,3.232,12,11,-1,-1
5/5/18,Stoke,Crystal Palace,L,7.277,3.261,2.77,13,14,0,1
5/5/18,Watford,Newcastle,W,7.05,3.202,3.105,17,20,-1,-1
5/5/18,West Brom,Tottenham,W,11.619,5.185,2.114,10,2,1,1
5/6/18,Arsenal,Burnley,W,6.425,3.89,5.954,5,16,-1,0
5/6/18,Chelsea,Liverpool,W,6.98,3.375,3.166,1,4,1,0
5/6/18,Man City,Huddersfield,D,7.255,10.446,24.96,3,20,1,-1
5/8/18,Swansea,Southampton,L,7.463,3.208,2.57,15,8,-1,0
5/9/18,Chelsea,Huddersfield,D,6.707,6.793,16.283,1,20,1,0
5/9/18,Leicester,Arsenal,W,8.101,3.791,2.178,12,5,-1,1
5/9/18,Man City,Brighton,W,6.946,8.541,20.631,3,20,0,1
5/9/18,Tottenham,Newcastle,W,6.707,7.009,14.77,2,20,-1,-1
5/10/18,West Ham,Man United,D,8.801,3.86,2.111,11,6,1,-1
5/13/18,Burnley,Bournemouth,L,6.7,3.284,3.35,16,9,-1,1
5/13/18,Crystal Palace,West Brom,W,6.445,3.555,4.411,14,10,1,1
5/13/18,Huddersfield,Arsenal,L,9.464,4.481,2.047,20,5,0,-1
5/13/18,Liverpool,Brighton,W,6.427,6.79,14.927,4,20,-1,-1
5/13/18,Man United,Watford,W,6.334,4.892,8.208,6,17,0,1
5/13/18,Newcastle,Chelsea,W,9.703,4.369,2.088,20,1,-1,0
5/13/18,Southampton,Man City,L,11.237,5.25,2.094,8,3,1,1
5/13/18,Swansea,Stoke,L,6.515,3.5,3.919,15,13,-1,-1
5/13/18,Tottenham,Leicester,W,6.333,5.28,8.557,2,12,1,1
5/13/18,West Ham,Everton,W,6.747,3.304,2.983,11,7,0,0